constructorResultsId,raceId,constructorId,points,status,name,year
13900,337,6,43.0,\N,Ferrari,2010
13901,337,1,21.0,\N,McLaren,2010
13902,337,9,16.0,\N,Red Bull,2010
13903,337,131,18.0,\N,Mercedes,2010
13904,337,10,2.0,\N,Force India,2010
13905,337,3,1.0,\N,Williams,2010
13906,337,4,0.0,\N,Renault,2010
13907,337,5,0.0,\N,Toro Rosso,2010
13908,337,205,0.0,\N,Lotus,2010
13909,337,15,0.0,\N,Sauber,2010
13910,337,164,0.0,\N,HRT,2010
13911,337,166,0.0,\N,Virgin,2010
13912,338,1,33.0,\N,McLaren,2010
13913,338,4,18.0,\N,Renault,2010
13914,338,6,27.0,\N,Ferrari,2010
13915,338,131,11.0,\N,Mercedes,2010
13916,338,10,6.0,\N,Force India,2010
13917,338,3,4.0,\N,Williams,2010
13918,338,9,2.0,\N,Red Bull,2010
13919,338,5,0.0,\N,Toro Rosso,2010
13920,338,15,0.0,\N,Sauber,2010
13921,338,205,0.0,\N,Lotus,2010
13922,338,164,0.0,\N,HRT,2010
13923,338,166,0.0,\N,Virgin,2010
13924,339,9,43.0,\N,Red Bull,2010
13925,339,131,15.0,\N,Mercedes,2010
13926,339,4,12.0,\N,Renault,2010
13927,339,10,10.0,\N,Force India,2010
13928,339,1,12.0,\N,McLaren,2010
13929,339,6,6.0,\N,Ferrari,2010
13930,339,5,2.0,\N,Toro Rosso,2010
13931,339,3,1.0,\N,Williams,2010
13932,339,166,0.0,\N,Virgin,2010
13933,339,164,0.0,\N,HRT,2010
13934,339,205,0.0,\N,Lotus,2010
13935,339,15,0.0,\N,Sauber,2010
13936,340,1,43.0,\N,McLaren,2010
13937,340,131,16.0,\N,Mercedes,2010
13938,340,6,14.0,\N,Ferrari,2010
13939,340,4,16.0,\N,Renault,2010
13940,340,9,12.0,\N,Red Bull,2010
13941,340,10,0.0,\N,Force India,2010
13942,340,3,0.0,\N,Williams,2010
13943,340,5,0.0,\N,Toro Rosso,2010
13944,340,205,0.0,\N,Lotus,2010
13945,340,164,0.0,\N,HRT,2010
13946,340,166,0.0,\N,Virgin,2010
13947,340,15,0.0,\N,Sauber,2010
13948,341,9,40.0,\N,Red Bull,2010
13949,341,6,26.0,\N,Ferrari,2010
13950,341,131,12.0,\N,Mercedes,2010
13951,341,1,10.0,\N,McLaren,2010
13952,341,10,6.0,\N,Force India,2010
13953,341,4,4.0,\N,Renault,2010
13954,341,3,2.0,\N,Williams,2010
13955,341,5,1.0,\N,Toro Rosso,2010
13956,341,15,0.0,\N,Sauber,2010
13957,341,205,0.0,\N,Lotus,2010
13958,341,166,0.0,\N,Virgin,2010
13959,341,164,0.0,\N,HRT,2010
13960,342,9,43.0,\N,Red Bull,2010
13961,342,4,15.0,\N,Renault,2010
13962,342,6,20.0,\N,Ferrari,2010
13963,342,1,10.0,\N,McLaren,2010
13964,342,131,6.0,\N,Mercedes,2010
13965,342,10,6.0,\N,Force India,2010
13966,342,5,1.0,\N,Toro Rosso,2010
13967,342,164,0.0,\N,HRT,2010
13968,342,205,0.0,\N,Lotus,2010
13969,342,3,0.0,\N,Williams,2010
13970,342,15,0.0,\N,Sauber,2010
13971,342,166,0.0,\N,Virgin,2010
13972,343,1,43.0,\N,McLaren,2010
13973,343,9,15.0,\N,Red Bull,2010
13974,343,131,22.0,\N,Mercedes,2010
13975,343,4,8.0,\N,Renault,2010
13976,343,6,10.0,\N,Ferrari,2010
13977,343,10,2.0,\N,Force India,2010
13978,343,15,1.0,\N,Sauber,2010
13979,343,5,0.0,\N,Toro Rosso,2010
13980,343,3,0.0,\N,Williams,2010
13981,343,166,0.0,\N,Virgin,2010
13982,343,164,0.0,\N,HRT,2010
13983,343,205,0.0,\N,Lotus,2010
13984,344,1,43.0,\N,McLaren,2010
13985,344,6,15.0,\N,Ferrari,2010
13986,344,9,22.0,\N,Red Bull,2010
13987,344,131,8.0,\N,Mercedes,2010
13988,344,4,6.0,\N,Renault,2010
13989,344,5,4.0,\N,Toro Rosso,2010
13990,344,10,3.0,\N,Force India,2010
13991,344,3,0.0,\N,Williams,2010
13992,344,205,0.0,\N,Lotus,2010
13993,344,164,0.0,\N,HRT,2010
13994,344,166,0.0,\N,Virgin,2010
13995,344,15,0.0,\N,Sauber,2010
13996,345,9,25.0,\N,Red Bull,2010
13997,345,1,33.0,\N,McLaren,2010
13998,345,3,12.0,\N,Williams,2010
13999,345,4,10.0,\N,Renault,2010
14000,345,10,8.0,\N,Force India,2010
14001,345,15,6.0,\N,Sauber,2010
14002,345,6,4.0,\N,Ferrari,2010
14003,345,5,2.0,\N,Toro Rosso,2010
14004,345,131,1.0,\N,Mercedes,2010
14005,345,166,0.0,\N,Virgin,2010
14006,345,164,0.0,\N,HRT,2010
14007,345,205,0.0,\N,Lotus,2010
14008,346,9,31.0,\N,Red Bull,2010
14009,346,1,30.0,\N,McLaren,2010
14010,346,131,17.0,\N,Mercedes,2010
14011,346,3,11.0,\N,Williams,2010
14012,346,15,8.0,\N,Sauber,2010
14013,346,10,4.0,\N,Force India,2010
14014,346,5,0.0,\N,Toro Rosso,2010
14015,346,4,0.0,\N,Renault,2010
14016,346,6,0.0,\N,Ferrari,2010
14017,346,205,0.0,\N,Lotus,2010
14018,346,166,0.0,\N,Virgin,2010
14019,346,164,0.0,\N,HRT,2010
14020,347,6,43.0,\N,Ferrari,2010
14021,347,9,23.0,\N,Red Bull,2010
14022,347,1,22.0,\N,McLaren,2010
14023,347,4,7.0,\N,Renault,2010
14024,347,131,6.0,\N,Mercedes,2010
14025,347,15,0.0,\N,Sauber,2010
14026,347,3,0.0,\N,Williams,2010
14027,347,5,0.0,\N,Toro Rosso,2010
14028,347,10,0.0,\N,Force India,2010
14029,347,166,0.0,\N,Virgin,2010
14030,347,164,0.0,\N,HRT,2010
14031,347,205,0.0,\N,Lotus,2010
14032,348,9,40.0,\N,Red Bull,2010
14033,348,6,30.0,\N,Ferrari,2010
14034,348,4,10.0,\N,Renault,2010
14035,348,3,9.0,\N,Williams,2010
14036,348,15,8.0,\N,Sauber,2010
14037,348,1,4.0,\N,McLaren,2010
14038,348,131,0.0,\N,Mercedes,2010
14039,348,5,0.0,\N,Toro Rosso,2010
14040,348,10,0.0,\N,Force India,2010
14041,348,205,0.0,\N,Lotus,2010
14042,348,166,0.0,\N,Virgin,2010
14043,348,164,0.0,\N,HRT,2010
14044,349,1,25.0,\N,McLaren,2010
14045,349,9,18.0,\N,Red Bull,2010
14046,349,4,17.0,\N,Renault,2010
14047,349,6,12.0,\N,Ferrari,2010
14048,349,10,11.0,\N,Force India,2010
14049,349,131,14.0,\N,Mercedes,2010
14050,349,15,4.0,\N,Sauber,2010
14051,349,5,0.0,\N,Toro Rosso,2010
14052,349,3,0.0,\N,Williams,2010
14053,349,205,0.0,\N,Lotus,2010
14054,349,166,0.0,\N,Virgin,2010
14055,349,164,0.0,\N,HRT,2010
14056,350,6,40.0,\N,Ferrari,2010
14057,350,1,18.0,\N,McLaren,2010
14058,350,9,20.0,\N,Red Bull,2010
14059,350,131,12.0,\N,Mercedes,2010
14060,350,3,7.0,\N,Williams,2010
14061,350,4,4.0,\N,Renault,2010
14062,350,5,0.0,\N,Toro Rosso,2010
14063,350,10,0.0,\N,Force India,2010
14064,350,15,0.0,\N,Sauber,2010
14065,350,166,0.0,\N,Virgin,2010
14066,350,205,0.0,\N,Lotus,2010
14067,350,164,0.0,\N,HRT,2010
14068,351,6,29.0,\N,Ferrari,2010
14069,351,9,33.0,\N,Red Bull,2010
14070,351,1,12.0,\N,McLaren,2010
14071,351,131,10.0,\N,Mercedes,2010
14072,351,3,9.0,\N,Williams,2010
14073,351,4,6.0,\N,Renault,2010
14074,351,10,2.0,\N,Force India,2010
14075,351,5,0.0,\N,Toro Rosso,2010
14076,351,166,0.0,\N,Virgin,2010
14077,351,205,0.0,\N,Lotus,2010
14078,351,15,0.0,\N,Sauber,2010
14079,351,164,0.0,\N,HRT,2010
14080,352,9,43.0,\N,Red Bull,2010
14081,352,6,15.0,\N,Ferrari,2010
14082,352,1,22.0,\N,McLaren,2010
14083,352,131,8.0,\N,Mercedes,2010
14084,352,15,10.0,\N,Sauber,2010
14085,352,3,2.0,\N,Williams,2010
14086,352,5,1.0,\N,Toro Rosso,2010
14087,352,205,0.0,\N,Lotus,2010
14088,352,166,0.0,\N,Virgin,2010
14089,352,164,0.0,\N,HRT,2010
14090,352,10,0.0,\N,Force India,2010
14091,352,4,0.0,\N,Renault,2010
14092,353,6,40.0,\N,Ferrari,2010
14093,353,1,18.0,\N,McLaren,2010
14094,353,131,12.0,\N,Mercedes,2010
14095,353,4,10.0,\N,Renault,2010
14096,353,10,8.0,\N,Force India,2010
14097,353,3,7.0,\N,Williams,2010
14098,353,15,6.0,\N,Sauber,2010
14099,353,5,0.0,\N,Toro Rosso,2010
14100,353,205,0.0,\N,Lotus,2010
14101,353,164,0.0,\N,HRT,2010
14102,353,9,0.0,\N,Red Bull,2010
14103,353,166,0.0,\N,Virgin,2010
14104,354,9,43.0,\N,Red Bull,2010
14105,354,6,15.0,\N,Ferrari,2010
14106,354,1,22.0,\N,McLaren,2010
14107,354,131,14.0,\N,Mercedes,2010
14108,354,3,4.0,\N,Williams,2010
14109,354,4,2.0,\N,Renault,2010
14110,354,15,1.0,\N,Sauber,2010
14111,354,5,0.0,\N,Toro Rosso,2010
14112,354,10,0.0,\N,Force India,2010
14113,354,205,0.0,\N,Lotus,2010
14114,354,166,0.0,\N,Virgin,2010
14115,354,164,0.0,\N,HRT,2010
14116,355,9,29.0,\N,Red Bull,2010
14117,355,1,33.0,\N,McLaren,2010
14118,355,131,12.0,\N,Mercedes,2010
14119,355,4,18.0,\N,Renault,2010
14120,355,6,7.0,\N,Ferrari,2010
14121,355,5,2.0,\N,Toro Rosso,2010
14122,355,15,0.0,\N,Sauber,2010
14123,355,3,0.0,\N,Williams,2010
14124,355,10,0.0,\N,Force India,2010
14125,355,205,0.0,\N,Lotus,2010
14126,355,166,0.0,\N,Virgin,2010
14127,355,164,0.0,\N,HRT,2010
14129,841,9,35.0,\N,Red Bull,2011
14130,841,1,26.0,\N,McLaren,2011
14131,841,4,15.0,\N,Renault,2011
14132,841,6,18.0,\N,Ferrari,2011
14133,841,15,0.0,\N,Sauber,2011
14134,841,5,4.0,\N,Toro Rosso,2011
14135,841,10,3.0,\N,Force India,2011
14136,841,205,0.0,\N,Lotus,2011
14137,841,166,0.0,\N,Virgin,2011
14138,841,3,0.0,\N,Williams,2011
14139,841,131,0.0,\N,Mercedes,2011
14140,842,9,37.0,\N,Red Bull,2011
14141,842,1,22.0,\N,McLaren,2011
14142,842,4,15.0,\N,Renault,2011
14143,842,6,18.0,\N,Ferrari,2011
14144,842,15,6.0,\N,Sauber,2011
14145,842,131,2.0,\N,Mercedes,2011
14146,842,10,1.0,\N,Force India,2011
14147,842,5,0.0,\N,Toro Rosso,2011
14148,842,205,0.0,\N,Lotus,2011
14149,842,166,0.0,\N,Virgin,2011
14150,842,164,0.0,\N,HRT,2011
14151,842,3,0.0,\N,Williams,2011
14152,843,1,37.0,\N,McLaren,2011
14153,843,9,33.0,\N,Red Bull,2011
14154,843,131,14.0,\N,Mercedes,2011
14155,843,6,14.0,\N,Ferrari,2011
14156,843,4,2.0,\N,Renault,2011
14157,843,15,1.0,\N,Sauber,2011
14158,843,10,0.0,\N,Force India,2011
14159,843,3,0.0,\N,Williams,2011
14160,843,5,0.0,\N,Toro Rosso,2011
14161,843,205,0.0,\N,Lotus,2011
14162,843,166,0.0,\N,Virgin,2011
14163,843,164,0.0,\N,HRT,2011
14164,844,9,43.0,\N,Red Bull,2011
14165,844,6,15.0,\N,Ferrari,2011
14166,844,1,20.0,\N,McLaren,2011
14167,844,131,10.0,\N,Mercedes,2011
14168,844,4,10.0,\N,Renault,2011
14169,844,5,2.0,\N,Toro Rosso,2011
14170,844,15,1.0,\N,Sauber,2011
14171,844,10,0.0,\N,Force India,2011
14172,844,3,0.0,\N,Williams,2011
14173,844,205,0.0,\N,Lotus,2011
14174,844,166,0.0,\N,Virgin,2011
14175,844,164,0.0,\N,HRT,2011
14176,845,9,37.0,\N,Red Bull,2011
14177,845,1,33.0,\N,McLaren,2011
14178,845,6,10.0,\N,Ferrari,2011
14179,845,131,14.0,\N,Mercedes,2011
14180,845,4,4.0,\N,Renault,2011
14181,845,15,3.0,\N,Sauber,2011
14182,845,10,0.0,\N,Force India,2011
14183,845,5,0.0,\N,Toro Rosso,2011
14184,845,3,0.0,\N,Williams,2011
14185,845,205,0.0,\N,Lotus,2011
14186,845,166,0.0,\N,Virgin,2011
14187,845,164,0.0,\N,HRT,2011
14188,846,9,37.0,\N,Red Bull,2011
14189,846,6,18.0,\N,Ferrari,2011
14190,846,1,23.0,\N,McLaren,2011
14191,846,15,10.0,\N,Sauber,2011
14192,846,10,6.0,\N,Force India,2011
14193,846,4,4.0,\N,Renault,2011
14194,846,3,2.0,\N,Williams,2011
14195,846,5,1.0,\N,Toro Rosso,2011
14196,846,131,0.0,\N,Mercedes,2011
14197,846,205,0.0,\N,Lotus,2011
14198,846,166,0.0,\N,Virgin,2011
14199,846,164,0.0,\N,HRT,2011
14200,847,1,25.0,\N,McLaren,2011
14201,847,9,33.0,\N,Red Bull,2011
14202,847,131,12.0,\N,Mercedes,2011
14203,847,4,10.0,\N,Renault,2011
14204,847,6,8.0,\N,Ferrari,2011
14205,847,15,6.0,\N,Sauber,2011
14206,847,5,5.0,\N,Toro Rosso,2011
14207,847,3,2.0,\N,Williams,2011
14208,847,164,0.0,\N,HRT,2011
14209,847,166,0.0,\N,Virgin,2011
14210,847,205,0.0,\N,Lotus,2011
14211,847,10,0.0,\N,Force India,2011
14212,848,9,40.0,\N,Red Bull,2011
14213,848,6,28.0,\N,Ferrari,2011
14214,848,1,20.0,\N,McLaren,2011
14215,848,131,6.0,\N,Mercedes,2011
14216,848,5,4.0,\N,Toro Rosso,2011
14217,848,10,2.0,\N,Force India,2011
14218,848,4,1.0,\N,Renault,2011
14219,848,15,0.0,\N,Sauber,2011
14220,848,3,0.0,\N,Williams,2011
14221,848,205,0.0,\N,Lotus,2011
14222,848,166,0.0,\N,Virgin,2011
14223,848,164,0.0,\N,HRT,2011
14224,849,6,35.0,\N,Ferrari,2011
14225,849,9,33.0,\N,Red Bull,2011
14226,849,1,12.0,\N,McLaren,2011
14227,849,131,10.0,\N,Mercedes,2011
14228,849,15,6.0,\N,Sauber,2011
14229,849,4,4.0,\N,Renault,2011
14230,849,5,1.0,\N,Toro Rosso,2011
14231,849,10,0.0,\N,Force India,2011
14232,849,3,0.0,\N,Williams,2011
14233,849,166,0.0,\N,Virgin,2011
14234,849,164,0.0,\N,HRT,2011
14235,849,205,0.0,\N,Lotus,2011
14236,850,1,25.0,\N,McLaren,2011
14237,850,6,28.0,\N,Ferrari,2011
14238,850,9,27.0,\N,Red Bull,2011
14239,850,10,8.0,\N,Force India,2011
14240,850,131,10.0,\N,Mercedes,2011
14241,850,15,2.0,\N,Sauber,2011
14242,850,4,1.0,\N,Renault,2011
14243,850,5,0.0,\N,Toro Rosso,2011
14244,850,3,0.0,\N,Williams,2011
14245,850,205,0.0,\N,Lotus,2011
14246,850,166,0.0,\N,Virgin,2011
14247,850,164,0.0,\N,HRT,2011
14248,851,1,37.0,\N,McLaren,2011
14249,851,9,28.0,\N,Red Bull,2011
14250,851,6,23.0,\N,Ferrari,2011
14251,851,10,6.0,\N,Force India,2011
14252,851,5,5.0,\N,Toro Rosso,2011
14253,851,131,2.0,\N,Mercedes,2011
14254,851,15,0.0,\N,Sauber,2011
14255,851,4,0.0,\N,Renault,2011
14256,851,3,0.0,\N,Williams,2011
14257,851,166,0.0,\N,Virgin,2011
14258,851,164,0.0,\N,HRT,2011
14259,851,205,0.0,\N,Lotus,2011
14260,852,9,43.0,\N,Red Bull,2011
14261,852,1,15.0,\N,McLaren,2011
14262,852,6,16.0,\N,Ferrari,2011
14263,852,131,18.0,\N,Mercedes,2011
14264,852,10,6.0,\N,Force India,2011
14265,852,4,2.0,\N,Renault,2011
14266,852,3,1.0,\N,Williams,2011
14267,852,15,0.0,\N,Sauber,2011
14268,852,205,0.0,\N,Lotus,2011
14269,852,166,0.0,\N,Virgin,2011
14270,852,164,0.0,\N,HRT,2011
14271,852,5,0.0,\N,Toro Rosso,2011
14272,853,9,25.0,\N,Red Bull,2011
14273,853,1,30.0,\N,McLaren,2011
14274,853,6,23.0,\N,Ferrari,2011
14275,853,131,10.0,\N,Mercedes,2011
14276,853,5,7.0,\N,Toro Rosso,2011
14277,853,10,4.0,\N,Force India,2011
14278,853,4,2.0,\N,Renault,2011
14279,853,3,0.0,\N,Williams,2011
14280,853,205,0.0,\N,Lotus,2011
14281,853,166,0.0,\N,Virgin,2011
14282,853,164,0.0,\N,HRT,2011
14283,853,15,0.0,\N,Sauber,2011
14284,854,9,40.0,\N,Red Bull,2011
14285,854,1,28.0,\N,McLaren,2011
14286,854,6,14.0,\N,Ferrari,2011
14287,854,10,12.0,\N,Force India,2011
14288,854,131,6.0,\N,Mercedes,2011
14289,854,15,1.0,\N,Sauber,2011
14290,854,3,0.0,\N,Williams,2011
14291,854,5,0.0,\N,Toro Rosso,2011
14292,854,4,0.0,\N,Renault,2011
14293,854,205,0.0,\N,Lotus,2011
14294,854,166,0.0,\N,Virgin,2011
14295,854,164,0.0,\N,HRT,2011
14296,855,1,35.0,\N,McLaren,2011
14297,855,6,24.0,\N,Ferrari,2011
14298,855,9,27.0,\N,Red Bull,2011
14299,855,131,9.0,\N,Mercedes,2011
14300,855,15,4.0,\N,Sauber,2011
14301,855,4,2.0,\N,Renault,2011
14302,855,10,0.0,\N,Force India,2011
14303,855,3,0.0,\N,Williams,2011
14304,855,5,0.0,\N,Toro Rosso,2011
14305,855,205,0.0,\N,Lotus,2011
14306,855,166,0.0,\N,Virgin,2011
14307,855,164,0.0,\N,HRT,2011
14308,856,9,40.0,\N,Red Bull,2011
14309,856,1,30.0,\N,McLaren,2011
14310,856,6,18.0,\N,Ferrari,2011
14311,856,5,8.0,\N,Toro Rosso,2011
14312,856,131,4.0,\N,Mercedes,2011
14313,856,10,1.0,\N,Force India,2011
14314,856,3,0.0,\N,Williams,2011
14315,856,4,0.0,\N,Renault,2011
14316,856,205,0.0,\N,Lotus,2011
14317,856,15,0.0,\N,Sauber,2011
14318,856,166,0.0,\N,Virgin,2011
14319,856,164,0.0,\N,HRT,2011
14320,857,9,37.0,\N,Red Bull,2011
14321,857,1,24.0,\N,McLaren,2011
14322,857,6,15.0,\N,Ferrari,2011
14323,857,131,18.0,\N,Mercedes,2011
14324,857,5,4.0,\N,Toro Rosso,2011
14325,857,10,2.0,\N,Force India,2011
14326,857,15,1.0,\N,Sauber,2011
14327,857,4,0.0,\N,Renault,2011
14328,857,205,0.0,\N,Lotus,2011
14329,857,3,0.0,\N,Williams,2011
14330,857,166,0.0,\N,Virgin,2011
14331,857,164,0.0,\N,HRT,2011
14332,858,1,40.0,\N,McLaren,2011
14333,858,6,28.0,\N,Ferrari,2011
14334,858,9,12.0,\N,Red Bull,2011
14335,858,131,14.0,\N,Mercedes,2011
14336,858,10,6.0,\N,Force India,2011
14337,858,15,1.0,\N,Sauber,2011
14338,858,3,0.0,\N,Williams,2011
14339,858,4,0.0,\N,Renault,2011
14340,858,5,0.0,\N,Toro Rosso,2011
14341,858,205,0.0,\N,Lotus,2011
14342,858,166,0.0,\N,Virgin,2011
14343,858,164,0.0,\N,HRT,2011
14344,859,9,43.0,\N,Red Bull,2011
14345,859,1,15.0,\N,McLaren,2011
14346,859,6,22.0,\N,Ferrari,2011
14347,859,10,12.0,\N,Force India,2011
14348,859,131,6.0,\N,Mercedes,2011
14349,859,15,2.0,\N,Sauber,2011
14350,859,4,1.0,\N,Renault,2011
14351,859,5,0.0,\N,Toro Rosso,2011
14352,859,3,0.0,\N,Williams,2011
14353,859,205,0.0,\N,Lotus,2011
14354,859,166,0.0,\N,Virgin,2011
14355,859,164,0.0,\N,HRT,2011
14356,860,1,40.0,\N,McLaren,2012
14357,860,9,30.0,\N,Red Bull,2012
14358,860,6,10.0,\N,Ferrari,2012
14359,860,15,12.0,\N,Sauber,2012
14360,860,208,6.0,\N,Lotus F1,2012
14361,860,5,2.0,\N,Toro Rosso,2012
14362,860,10,1.0,\N,Force India,2012
14363,860,131,0.0,\N,Mercedes,2012
14364,860,3,0.0,\N,Williams,2012
14365,860,206,0.0,\N,Marussia,2012
14366,860,207,0.0,\N,Caterham,2012
14367,861,6,25.0,\N,Ferrari,2012
14368,861,15,18.0,\N,Sauber,2012
14369,861,1,15.0,\N,McLaren,2012
14370,861,9,12.0,\N,Red Bull,2012
14371,861,208,10.0,\N,Lotus F1,2012
14372,861,3,8.0,\N,Williams,2012
14373,861,10,8.0,\N,Force India,2012
14374,861,5,4.0,\N,Toro Rosso,2012
14375,861,131,1.0,\N,Mercedes,2012
14376,861,207,0.0,\N,Caterham,2012
14377,861,206,0.0,\N,Marussia,2012
14378,861,164,0.0,\N,HRT,2012
14379,862,131,25.0,\N,Mercedes,2012
14380,862,1,33.0,\N,McLaren,2012
14381,862,9,22.0,\N,Red Bull,2012
14382,862,208,8.0,\N,Lotus F1,2012
14383,862,3,10.0,\N,Williams,2012
14384,862,6,2.0,\N,Ferrari,2012
14385,862,15,1.0,\N,Sauber,2012
14386,862,10,0.0,\N,Force India,2012
14387,862,5,0.0,\N,Toro Rosso,2012
14388,862,207,0.0,\N,Caterham,2012
14389,862,206,0.0,\N,Marussia,2012
14390,862,164,0.0,\N,HRT,2012
14391,863,9,37.0,\N,Red Bull,2012
14392,863,208,33.0,\N,Lotus F1,2012
14393,863,131,11.0,\N,Mercedes,2012
14394,863,10,8.0,\N,Force India,2012
14395,863,6,8.0,\N,Ferrari,2012
14396,863,1,4.0,\N,McLaren,2012
14397,863,15,0.0,\N,Sauber,2012
14398,863,5,0.0,\N,Toro Rosso,2012
14399,863,207,0.0,\N,Caterham,2012
14400,863,206,0.0,\N,Marussia,2012
14401,863,164,0.0,\N,HRT,2012
14402,863,3,0.0,\N,Williams,2012
14403,864,3,25.0,\N,Williams,2012
14404,864,6,18.0,\N,Ferrari,2012
14405,864,208,27.0,\N,Lotus F1,2012
14406,864,15,10.0,\N,Sauber,2012
14407,864,9,8.0,\N,Red Bull,2012
14408,864,131,6.0,\N,Mercedes,2012
14409,864,1,6.0,\N,McLaren,2012
14410,864,10,1.0,\N,Force India,2012
14411,864,5,0.0,\N,Toro Rosso,2012
14412,864,207,0.0,\N,Caterham,2012
14413,864,206,0.0,\N,Marussia,2012
14414,864,164,0.0,\N,HRT,2012
14415,865,9,37.0,\N,Red Bull,2012
14416,865,131,18.0,\N,Mercedes,2012
14417,865,6,23.0,\N,Ferrari,2012
14418,865,1,10.0,\N,McLaren,2012
14419,865,10,10.0,\N,Force India,2012
14420,865,208,2.0,\N,Lotus F1,2012
14421,865,3,1.0,\N,Williams,2012
14422,865,15,0.0,\N,Sauber,2012
14423,865,5,0.0,\N,Toro Rosso,2012
14424,865,207,0.0,\N,Caterham,2012
14425,865,206,0.0,\N,Marussia,2012
14426,865,164,0.0,\N,HRT,2012
14427,866,1,25.0,\N,McLaren,2012
14428,866,208,22.0,\N,Lotus F1,2012
14429,866,15,17.0,\N,Sauber,2012
14430,866,9,18.0,\N,Red Bull,2012
14431,866,6,11.0,\N,Ferrari,2012
14432,866,131,8.0,\N,Mercedes,2012
14433,866,10,0.0,\N,Force India,2012
14434,866,3,0.0,\N,Williams,2012
14435,866,5,0.0,\N,Toro Rosso,2012
14436,866,207,0.0,\N,Caterham,2012
14437,866,206,0.0,\N,Marussia,2012
14438,866,164,0.0,\N,HRT,2012
14439,867,6,25.0,\N,Ferrari,2012
14440,867,208,18.0,\N,Lotus F1,2012
14441,867,131,23.0,\N,Mercedes,2012
14442,867,9,12.0,\N,Red Bull,2012
14443,867,10,16.0,\N,Force India,2012
14444,867,1,4.0,\N,McLaren,2012
14445,867,15,2.0,\N,Sauber,2012
14446,867,3,1.0,\N,Williams,2012
14447,867,5,0.0,\N,Toro Rosso,2012
14448,867,207,0.0,\N,Caterham,2012
14449,867,206,0.0,\N,Marussia,2012
14450,867,164,0.0,\N,HRT,2012
14451,868,9,40.0,\N,Red Bull,2012
14452,868,6,30.0,\N,Ferrari,2012
14453,868,208,18.0,\N,Lotus F1,2012
14454,868,131,6.0,\N,Mercedes,2012
14455,868,1,5.0,\N,McLaren,2012
14456,868,3,2.0,\N,Williams,2012
14457,868,15,0.0,\N,Sauber,2012
14458,868,10,0.0,\N,Force India,2012
14459,868,5,0.0,\N,Toro Rosso,2012
14460,868,207,0.0,\N,Caterham,2012
14461,868,206,0.0,\N,Marussia,2012
14462,868,164,0.0,\N,HRT,2012
14463,869,6,25.0,\N,Ferrari,2012
14464,869,9,14.0,\N,Red Bull,2012
14465,869,1,18.0,\N,McLaren,2012
14466,869,208,15.0,\N,Lotus F1,2012
14467,869,15,20.0,\N,Sauber,2012
14468,869,131,7.0,\N,Mercedes,2012
14469,869,10,2.0,\N,Force India,2012
14470,869,5,0.0,\N,Toro Rosso,2012
14471,869,3,0.0,\N,Williams,2012
14472,869,207,0.0,\N,Caterham,2012
14473,869,206,0.0,\N,Marussia,2012
14474,869,164,0.0,\N,HRT,2012
14475,870,1,33.0,\N,McLaren,2012
14476,870,208,33.0,\N,Lotus F1,2012
14477,870,9,16.0,\N,Red Bull,2012
14478,870,6,12.0,\N,Ferrari,2012
14479,870,3,6.0,\N,Williams,2012
14480,870,131,1.0,\N,Mercedes,2012
14481,870,10,0.0,\N,Force India,2012
14482,870,15,0.0,\N,Sauber,2012
14483,870,5,0.0,\N,Toro Rosso,2012
14484,870,207,0.0,\N,Caterham,2012
14485,870,206,0.0,\N,Marussia,2012
14486,870,164,0.0,\N,HRT,2012
14487,871,1,25.0,\N,McLaren,2012
14488,871,9,26.0,\N,Red Bull,2012
14489,871,208,15.0,\N,Lotus F1,2012
14490,871,10,13.0,\N,Force India,2012
14491,871,6,10.0,\N,Ferrari,2012
14492,871,131,6.0,\N,Mercedes,2012
14493,871,5,6.0,\N,Toro Rosso,2012
14494,871,3,0.0,\N,Williams,2012
14495,871,15,0.0,\N,Sauber,2012
14496,871,207,0.0,\N,Caterham,2012
14497,871,206,0.0,\N,Marussia,2012
14498,871,164,0.0,\N,HRT,2012
14499,872,1,25.0,\N,McLaren,2012
14500,872,15,20.0,\N,Sauber,2012
14501,872,6,27.0,\N,Ferrari,2012
14502,872,208,10.0,\N,Lotus F1,2012
14503,872,131,14.0,\N,Mercedes,2012
14504,872,10,4.0,\N,Force India,2012
14505,872,3,1.0,\N,Williams,2012
14506,872,5,0.0,\N,Toro Rosso,2012
14507,872,207,0.0,\N,Caterham,2012
14508,872,206,0.0,\N,Marussia,2012
14509,872,164,0.0,\N,HRT,2012
14510,872,9,0.0,\N,Red Bull,2012
14511,873,9,25.0,\N,Red Bull,2012
14512,873,1,18.0,\N,McLaren,2012
14513,873,6,19.0,\N,Ferrari,2012
14514,873,10,12.0,\N,Force India,2012
14515,873,131,10.0,\N,Mercedes,2012
14516,873,208,14.0,\N,Lotus F1,2012
14517,873,5,2.0,\N,Toro Rosso,2012
14518,873,15,1.0,\N,Sauber,2012
14519,873,206,0.0,\N,Marussia,2012
14520,873,207,0.0,\N,Caterham,2012
14524,874,9,27.0,\N,Red Bull,2012
14522,873,3,0.0,\N,Williams,2012
14523,873,164,0.0,\N,HRT,2012
14525,874,6,18.0,\N,Ferrari,2012
14526,874,15,15.0,\N,Sauber,2012
14527,874,1,22.0,\N,McLaren,2012
14528,874,208,8.0,\N,Lotus F1,2012
14529,874,10,6.0,\N,Force India,2012
14530,874,3,4.0,\N,Williams,2012
14531,874,5,1.0,\N,Toro Rosso,2012
14532,874,131,0.0,\N,Mercedes,2012
14533,874,207,0.0,\N,Caterham,2012
14534,874,206,0.0,\N,Marussia,2012
14535,874,164,0.0,\N,HRT,2012
14536,875,9,43.0,\N,Red Bull,2012
14537,875,6,27.0,\N,Ferrari,2012
14538,875,208,16.0,\N,Lotus F1,2012
14539,875,10,8.0,\N,Force India,2012
14540,875,5,6.0,\N,Toro Rosso,2012
14541,875,1,1.0,\N,McLaren,2012
14542,875,15,0.0,\N,Sauber,2012
14543,875,131,0.0,\N,Mercedes,2012
14544,875,3,0.0,\N,Williams,2012
14545,875,207,0.0,\N,Caterham,2012
14546,875,206,0.0,\N,Marussia,2012
14547,875,164,0.0,\N,HRT,2012
14548,876,9,40.0,\N,Red Bull,2012
14549,876,6,26.0,\N,Ferrari,2012
14550,876,1,22.0,\N,McLaren,2012
14551,876,208,8.0,\N,Lotus F1,2012
14552,876,10,4.0,\N,Force India,2012
14553,876,3,1.0,\N,Williams,2012
14554,876,131,0.0,\N,Mercedes,2012
14555,876,5,0.0,\N,Toro Rosso,2012
14556,876,15,0.0,\N,Sauber,2012
14557,876,207,0.0,\N,Caterham,2012
14558,876,206,0.0,\N,Marussia,2012
14559,876,164,0.0,\N,HRT,2012
14560,877,208,25.0,\N,Lotus F1,2012
14561,877,6,24.0,\N,Ferrari,2012
14562,877,9,15.0,\N,Red Bull,2012
14563,877,1,12.0,\N,McLaren,2012
14564,877,3,14.0,\N,Williams,2012
14565,877,15,8.0,\N,Sauber,2012
14566,877,10,2.0,\N,Force India,2012
14567,877,5,1.0,\N,Toro Rosso,2012
14568,877,131,0.0,\N,Mercedes,2012
14569,877,207,0.0,\N,Caterham,2012
14570,877,206,0.0,\N,Marussia,2012
14571,877,164,0.0,\N,HRT,2012
14572,878,1,35.0,\N,McLaren,2012
14573,878,9,18.0,\N,Red Bull,2012
14574,878,6,27.0,\N,Ferrari,2012
14575,878,208,14.0,\N,Lotus F1,2012
14576,878,10,4.0,\N,Force India,2012
14577,878,3,3.0,\N,Williams,2012
14578,878,15,0.0,\N,Sauber,2012
14579,878,5,0.0,\N,Toro Rosso,2012
14580,878,131,0.0,\N,Mercedes,2012
14581,878,207,0.0,\N,Caterham,2012
14582,878,206,0.0,\N,Marussia,2012
14583,878,164,0.0,\N,HRT,2012
14584,879,1,25.0,\N,McLaren,2012
14585,879,6,33.0,\N,Ferrari,2012
14586,879,9,20.0,\N,Red Bull,2012
14587,879,10,10.0,\N,Force India,2012
14588,879,131,6.0,\N,Mercedes,2012
14589,879,5,4.0,\N,Toro Rosso,2012
14590,879,15,2.0,\N,Sauber,2012
14591,879,208,1.0,\N,Lotus F1,2012
14592,879,207,0.0,\N,Caterham,2012
14593,879,206,0.0,\N,Marussia,2012
14594,879,164,0.0,\N,HRT,2012
14595,879,3,0.0,\N,Williams,2012
14596,880,208,26.0,\N,Lotus F1,2013
14597,880,6,30.0,\N,Ferrari,2013
14598,880,9,23.0,\N,Red Bull,2013
14599,880,131,10.0,\N,Mercedes,2013
14600,880,10,10.0,\N,Force India,2013
14601,880,1,2.0,\N,McLaren,2013
14602,880,5,0.0,\N,Toro Rosso,2013
14603,880,15,0.0,\N,Sauber,2013
14604,880,3,0.0,\N,Williams,2013
14605,880,206,0.0,\N,Marussia,2013
14606,880,207,0.0,\N,Caterham,2013
14607,881,9,43.0,\N,Red Bull,2013
14608,881,131,27.0,\N,Mercedes,2013
14609,881,6,10.0,\N,Ferrari,2013
14610,881,208,14.0,\N,Lotus F1,2013
14611,881,15,4.0,\N,Sauber,2013
14612,881,1,2.0,\N,McLaren,2013
14613,881,5,1.0,\N,Toro Rosso,2013
14614,881,3,0.0,\N,Williams,2013
14615,881,206,0.0,\N,Marussia,2013
14616,881,207,0.0,\N,Caterham,2013
14617,881,10,0.0,\N,Force India,2013
14618,882,6,33.0,\N,Ferrari,2013
14619,882,208,20.0,\N,Lotus F1,2013
14620,882,131,15.0,\N,Mercedes,2013
14621,882,9,12.0,\N,Red Bull,2013
14622,882,1,10.0,\N,McLaren,2013
14623,882,5,6.0,\N,Toro Rosso,2013
14624,882,10,4.0,\N,Force India,2013
14625,882,15,1.0,\N,Sauber,2013
14626,882,3,0.0,\N,Williams,2013
14627,882,206,0.0,\N,Marussia,2013
14628,882,207,0.0,\N,Caterham,2013
14629,883,9,31.0,\N,Red Bull,2013
14630,883,208,33.0,\N,Lotus F1,2013
14631,883,10,12.0,\N,Force India,2013
14632,883,131,12.0,\N,Mercedes,2013
14633,883,1,9.0,\N,McLaren,2013
14634,883,6,4.0,\N,Ferrari,2013
14635,883,3,0.0,\N,Williams,2013
14636,883,15,0.0,\N,Sauber,2013
14637,883,5,0.0,\N,Toro Rosso,2013
14638,883,207,0.0,\N,Caterham,2013
14639,883,206,0.0,\N,Marussia,2013
14640,884,6,40.0,\N,Ferrari,2013
14641,884,208,18.0,\N,Lotus F1,2013
14642,884,9,22.0,\N,Red Bull,2013
14643,884,131,8.0,\N,Mercedes,2013
14644,884,10,6.0,\N,Force India,2013
14645,884,1,6.0,\N,McLaren,2013
14646,884,5,1.0,\N,Toro Rosso,2013
14647,884,15,0.0,\N,Sauber,2013
14648,884,3,0.0,\N,Williams,2013
14649,884,207,0.0,\N,Caterham,2013
14650,884,206,0.0,\N,Marussia,2013
14651,885,131,37.0,\N,Mercedes,2013
14652,885,9,33.0,\N,Red Bull,2013
14653,885,10,12.0,\N,Force India,2013
14654,885,1,8.0,\N,McLaren,2013
14655,885,6,6.0,\N,Ferrari,2013
14656,885,5,4.0,\N,Toro Rosso,2013
14657,885,208,1.0,\N,Lotus F1,2013
14658,885,15,0.0,\N,Sauber,2013
14659,885,3,0.0,\N,Williams,2013
14660,885,206,0.0,\N,Marussia,2013
14661,885,207,0.0,\N,Caterham,2013
14662,886,9,37.0,\N,Red Bull,2013
14663,886,6,22.0,\N,Ferrari,2013
14664,886,131,25.0,\N,Mercedes,2013
14665,886,5,8.0,\N,Toro Rosso,2013
14666,886,10,7.0,\N,Force India,2013
14667,886,208,2.0,\N,Lotus F1,2013
14668,886,1,0.0,\N,McLaren,2013
14669,886,3,0.0,\N,Williams,2013
14670,886,206,0.0,\N,Marussia,2013
14671,886,207,0.0,\N,Caterham,2013
14672,886,15,0.0,\N,Sauber,2013
14673,887,131,37.0,\N,Mercedes,2013
14674,887,9,18.0,\N,Red Bull,2013
14675,887,6,23.0,\N,Ferrari,2013
14676,887,208,10.0,\N,Lotus F1,2013
14677,887,10,8.0,\N,Force India,2013
14678,887,5,4.0,\N,Toro Rosso,2013
14679,887,15,1.0,\N,Sauber,2013
14680,887,3,0.0,\N,Williams,2013
14681,887,1,0.0,\N,McLaren,2013
14682,887,207,0.0,\N,Caterham,2013
14683,887,206,0.0,\N,Marussia,2013
14684,888,9,31.0,\N,Red Bull,2013
14685,888,208,33.0,\N,Lotus F1,2013
14686,888,6,12.0,\N,Ferrari,2013
14687,888,131,12.0,\N,Mercedes,2013
14688,888,1,12.0,\N,McLaren,2013
14689,888,15,1.0,\N,Sauber,2013
14690,888,10,0.0,\N,Force India,2013
14691,888,5,0.0,\N,Toro Rosso,2013
14692,888,3,0.0,\N,Williams,2013
14693,888,207,0.0,\N,Caterham,2013
14694,888,206,0.0,\N,Marussia,2013
14695,890,131,25.0,\N,Mercedes,2013
14696,890,208,26.0,\N,Lotus F1,2013
14697,890,9,27.0,\N,Red Bull,2013
14698,890,6,14.0,\N,Ferrari,2013
14699,890,1,8.0,\N,McLaren,2013
14700,890,3,1.0,\N,Williams,2013
14701,890,15,0.0,\N,Sauber,2013
14702,890,5,0.0,\N,Toro Rosso,2013
14703,890,207,0.0,\N,Caterham,2013
14704,890,206,0.0,\N,Marussia,2013
14705,890,10,0.0,\N,Force India,2013
14706,891,9,35.0,\N,Red Bull,2013
14707,891,6,24.0,\N,Ferrari,2013
14708,891,131,27.0,\N,Mercedes,2013
14709,891,1,8.0,\N,McLaren,2013
14710,891,208,4.0,\N,Lotus F1,2013
14711,891,10,2.0,\N,Force India,2013
14712,891,5,1.0,\N,Toro Rosso,2013
14713,891,15,0.0,\N,Sauber,2013
14714,891,3,0.0,\N,Williams,2013
14715,891,207,0.0,\N,Caterham,2013
14716,891,206,0.0,\N,Marussia,2013
14717,892,9,40.0,\N,Red Bull,2013
14718,892,6,30.0,\N,Ferrari,2013
14719,892,15,10.0,\N,Sauber,2013
14720,892,131,10.0,\N,Mercedes,2013
14721,892,5,6.0,\N,Toro Rosso,2013
14722,892,208,4.0,\N,Lotus F1,2013
14723,892,1,1.0,\N,McLaren,2013
14724,892,3,0.0,\N,Williams,2013
14725,892,10,0.0,\N,Force India,2013
14726,892,207,0.0,\N,Caterham,2013
14727,892,206,0.0,\N,Marussia,2013
14728,893,9,25.0,\N,Red Bull,2013
14729,893,6,26.0,\N,Ferrari,2013
14730,893,208,15.0,\N,Lotus F1,2013
14731,893,131,22.0,\N,Mercedes,2013
14732,893,1,10.0,\N,McLaren,2013
14733,893,15,2.0,\N,Sauber,2013
14734,893,10,1.0,\N,Force India,2013
14735,893,3,0.0,\N,Williams,2013
14736,893,5,0.0,\N,Toro Rosso,2013
14737,893,207,0.0,\N,Caterham,2013
14738,893,206,0.0,\N,Marussia,2013
14739,894,9,25.0,\N,Red Bull,2013
14740,894,208,33.0,\N,Lotus F1,2013
14741,894,15,12.0,\N,Sauber,2013
14742,894,131,16.0,\N,Mercedes,2013
14743,894,6,10.0,\N,Ferrari,2013
14744,894,1,5.0,\N,McLaren,2013
14745,894,3,0.0,\N,Williams,2013
14746,894,207,0.0,\N,Caterham,2013
14747,894,206,0.0,\N,Marussia,2013
14748,894,5,0.0,\N,Toro Rosso,2013
14749,894,10,0.0,\N,Force India,2013
14750,895,9,43.0,\N,Red Bull,2013
14751,895,208,25.0,\N,Lotus F1,2013
14752,895,6,13.0,\N,Ferrari,2013
14753,895,15,14.0,\N,Sauber,2013
14754,895,131,4.0,\N,Mercedes,2013
14755,895,1,2.0,\N,McLaren,2013
14756,895,10,0.0,\N,Force India,2013
14757,895,5,0.0,\N,Toro Rosso,2013
14758,895,3,0.0,\N,Williams,2013
14759,895,207,0.0,\N,Caterham,2013
14760,895,206,0.0,\N,Marussia,2013
14761,896,9,25.0,\N,Red Bull,2013
14762,896,131,26.0,\N,Mercedes,2013
14763,896,208,21.0,\N,Lotus F1,2013
14764,896,6,12.0,\N,Ferrari,2013
14765,896,1,10.0,\N,McLaren,2013
14766,896,10,6.0,\N,Force India,2013
14767,896,5,1.0,\N,Toro Rosso,2013
14768,896,3,0.0,\N,Williams,2013
14769,896,15,0.0,\N,Sauber,2013
14770,896,206,0.0,\N,Marussia,2013
14771,896,207,0.0,\N,Caterham,2013
14772,897,9,43.0,\N,Red Bull,2013
14773,897,131,21.0,\N,Mercedes,2013
14774,897,208,12.0,\N,Lotus F1,2013
14775,897,6,14.0,\N,Ferrari,2013
14776,897,10,9.0,\N,Force India,2013
14777,897,1,2.0,\N,McLaren,2013
14778,897,3,0.0,\N,Williams,2013
14779,897,15,0.0,\N,Sauber,2013
14780,897,5,0.0,\N,Toro Rosso,2013
14781,897,207,0.0,\N,Caterham,2013
14782,897,206,0.0,\N,Marussia,2013
14783,898,9,40.0,\N,Red Bull,2013
14784,898,208,18.0,\N,Lotus F1,2013
14785,898,131,14.0,\N,Mercedes,2013
14786,898,6,10.0,\N,Ferrari,2013
14787,898,15,8.0,\N,Sauber,2013
14788,898,1,7.0,\N,McLaren,2013
14789,898,3,4.0,\N,Williams,2013
14790,898,5,0.0,\N,Toro Rosso,2013
14791,898,10,0.0,\N,Force India,2013
14792,898,206,0.0,\N,Marussia,2013
14793,898,207,0.0,\N,Caterham,2013
14794,899,9,43.0,\N,Red Bull,2013
14795,899,6,21.0,\N,Ferrari,2013
14796,899,1,20.0,\N,McLaren,2013
14797,899,131,12.0,\N,Mercedes,2013
14798,899,15,4.0,\N,Sauber,2013
14799,899,5,1.0,\N,Toro Rosso,2013
14800,899,10,0.0,\N,Force India,2013
14801,899,208,0.0,\N,Lotus F1,2013
14802,899,3,0.0,\N,Williams,2013
14803,899,206,0.0,\N,Marussia,2013
14804,899,207,0.0,\N,Caterham,2013
14808,900,131,25.0,\N,Mercedes,2014
14809,900,9,0.0,\N,Red Bull,2014
14810,900,1,33.0,\N,McLaren,2014
14811,900,6,18.0,\N,Ferrari,2014
14812,900,3,10.0,\N,Williams,2014
14813,900,10,9.0,\N,Force India,2014
14814,900,5,6.0,\N,Toro Rosso,2014
14815,900,15,0.0,\N,Sauber,2014
14816,900,206,0.0,\N,Marussia,2014
14817,900,208,0.0,\N,Lotus F1,2014
14818,900,207,0.0,\N,Caterham,2014
14819,901,131,43.0,\N,Mercedes,2014
14820,901,9,15.0,\N,Red Bull,2014
14821,901,6,12.0,\N,Ferrari,2014
14822,901,10,10.0,\N,Force India,2014
14823,901,1,10.0,\N,McLaren,2014
14824,901,3,10.0,\N,Williams,2014
14825,901,5,1.0,\N,Toro Rosso,2014
14826,901,208,0.0,\N,Lotus F1,2014
14827,901,207,0.0,\N,Caterham,2014
14828,901,206,0.0,\N,Marussia,2014
14829,901,15,0.0,\N,Sauber,2014
14830,902,131,43.0,\N,Mercedes,2014
14831,902,10,25.0,\N,Force India,2014
14832,902,9,20.0,\N,Red Bull,2014
14833,902,3,10.0,\N,Williams,2014
14834,902,6,3.0,\N,Ferrari,2014
14835,902,5,0.0,\N,Toro Rosso,2014
14836,902,208,0.0,\N,Lotus F1,2014
14837,902,206,0.0,\N,Marussia,2014
14838,902,207,0.0,\N,Caterham,2014
14839,902,1,0.0,\N,McLaren,2014
14840,902,15,0.0,\N,Sauber,2014
14841,903,131,43.0,\N,Mercedes,2014
14842,903,6,19.0,\N,Ferrari,2014
14843,903,9,22.0,\N,Red Bull,2014
14844,903,10,10.0,\N,Force India,2014
14845,903,3,6.0,\N,Williams,2014
14846,903,5,1.0,\N,Toro Rosso,2014
14847,903,1,0.0,\N,McLaren,2014
14848,903,208,0.0,\N,Lotus F1,2014
14849,903,15,0.0,\N,Sauber,2014
14850,903,207,0.0,\N,Caterham,2014
14851,903,206,0.0,\N,Marussia,2014
15820,1007,9,25.0,\N,Red Bull,2018
14853,904,131,43.0,\N,Mercedes,2014
14854,904,9,27.0,\N,Red Bull,2014
14855,904,3,10.0,\N,Williams,2014
14856,904,6,14.0,\N,Ferrari,2014
14857,904,208,4.0,\N,Lotus F1,2014
14858,904,10,3.0,\N,Force India,2014
14859,904,1,0.0,\N,McLaren,2014
14860,904,5,0.0,\N,Toro Rosso,2014
14861,904,15,0.0,\N,Sauber,2014
14862,904,206,0.0,\N,Marussia,2014
14863,904,207,0.0,\N,Caterham,2014
14864,905,131,43.0,\N,Mercedes,2014
14865,905,9,15.0,\N,Red Bull,2014
14866,905,6,12.0,\N,Ferrari,2014
14867,905,10,10.0,\N,Force India,2014
14868,905,1,9.0,\N,McLaren,2014
14869,905,3,6.0,\N,Williams,2014
14870,905,208,4.0,\N,Lotus F1,2014
14871,905,206,2.0,\N,Marussia,2014
14872,905,207,0.0,\N,Caterham,2014
14873,905,15,0.0,\N,Sauber,2014
14874,905,5,0.0,\N,Toro Rosso,2014
14875,906,9,40.0,\N,Red Bull,2014
14876,906,131,18.0,\N,Mercedes,2014
14877,906,1,14.0,\N,McLaren,2014
14878,906,10,10.0,\N,Force India,2014
14879,906,6,9.0,\N,Ferrari,2014
14880,906,3,6.0,\N,Williams,2014
14881,906,5,4.0,\N,Toro Rosso,2014
14882,906,15,0.0,\N,Sauber,2014
14883,906,208,0.0,\N,Lotus F1,2014
14884,906,207,0.0,\N,Caterham,2014
14885,906,206,0.0,\N,Marussia,2014
14886,907,131,43.0,\N,Mercedes,2014
14887,907,3,27.0,\N,Williams,2014
14888,907,6,11.0,\N,Ferrari,2014
14889,907,10,10.0,\N,Force India,2014
14890,907,1,6.0,\N,McLaren,2014
14891,907,9,4.0,\N,Red Bull,2014
14892,907,208,0.0,\N,Lotus F1,2014
14893,907,15,0.0,\N,Sauber,2014
14894,907,206,0.0,\N,Marussia,2014
14895,907,207,0.0,\N,Caterham,2014
14896,907,5,0.0,\N,Toro Rosso,2014
14897,908,131,25.0,\N,Mercedes,2014
14898,908,3,18.0,\N,Williams,2014
14899,908,9,25.0,\N,Red Bull,2014
14900,908,1,18.0,\N,McLaren,2014
14901,908,6,8.0,\N,Ferrari,2014
14902,908,10,4.0,\N,Force India,2014
14903,908,5,3.0,\N,Toro Rosso,2014
14904,908,208,0.0,\N,Lotus F1,2014
14905,908,15,0.0,\N,Sauber,2014
14906,908,206,0.0,\N,Marussia,2014
14907,908,207,0.0,\N,Caterham,2014
14908,909,131,40.0,\N,Mercedes,2014
14909,909,3,18.0,\N,Williams,2014
14910,909,9,20.0,\N,Red Bull,2014
14911,909,6,10.0,\N,Ferrari,2014
14912,909,10,7.0,\N,Force India,2014
14913,909,1,6.0,\N,McLaren,2014
14914,909,208,0.0,\N,Lotus F1,2014
14915,909,5,0.0,\N,Toro Rosso,2014
14916,909,15,0.0,\N,Sauber,2014
14917,909,206,0.0,\N,Marussia,2014
14918,909,207,0.0,\N,Caterham,2014
14919,910,9,31.0,\N,Red Bull,2014
14920,910,6,26.0,\N,Ferrari,2014
14921,910,131,27.0,\N,Mercedes,2014
14922,910,3,14.0,\N,Williams,2014
14923,910,5,2.0,\N,Toro Rosso,2014
14924,910,1,1.0,\N,McLaren,2014
14925,910,15,0.0,\N,Sauber,2014
14926,910,208,0.0,\N,Lotus F1,2014
14927,910,206,0.0,\N,Marussia,2014
14928,910,207,0.0,\N,Caterham,2014
14929,910,10,0.0,\N,Force India,2014
14930,911,9,35.0,\N,Red Bull,2014
14931,911,131,18.0,\N,Mercedes,2014
14932,911,3,15.0,\N,Williams,2014
14933,911,6,18.0,\N,Ferrari,2014
14934,911,1,8.0,\N,McLaren,2014
14935,911,10,5.0,\N,Force India,2014
14936,911,5,2.0,\N,Toro Rosso,2014
14937,911,15,0.0,\N,Sauber,2014
14938,911,206,0.0,\N,Marussia,2014
14939,911,207,0.0,\N,Caterham,2014
14940,911,208,0.0,\N,Lotus F1,2014
14941,912,131,43.0,\N,Mercedes,2014
14942,912,3,27.0,\N,Williams,2014
14943,912,9,18.0,\N,Red Bull,2014
14944,912,10,6.0,\N,Force India,2014
14945,912,1,5.0,\N,McLaren,2014
14946,912,6,2.0,\N,Ferrari,2014
14947,912,5,0.0,\N,Toro Rosso,2014
14948,912,208,0.0,\N,Lotus F1,2014
14949,912,15,0.0,\N,Sauber,2014
14950,912,207,0.0,\N,Caterham,2014
14951,912,206,0.0,\N,Marussia,2014
14952,913,131,25.0,\N,Mercedes,2014
14953,913,9,33.0,\N,Red Bull,2014
14954,913,6,16.0,\N,Ferrari,2014
14955,913,3,10.0,\N,Williams,2014
14956,913,5,8.0,\N,Toro Rosso,2014
14957,913,10,8.0,\N,Force India,2014
14958,913,1,1.0,\N,McLaren,2014
14959,913,208,0.0,\N,Lotus F1,2014
14960,913,207,0.0,\N,Caterham,2014
14961,913,206,0.0,\N,Marussia,2014
14962,913,15,0.0,\N,Sauber,2014
14963,914,131,43.0,\N,Mercedes,2014
14964,914,9,27.0,\N,Red Bull,2014
14965,914,1,10.0,\N,McLaren,2014
14966,914,3,14.0,\N,Williams,2014
14967,914,10,5.0,\N,Force India,2014
14968,914,5,2.0,\N,Toro Rosso,2014
14969,914,6,0.0,\N,Ferrari,2014
14970,914,15,0.0,\N,Sauber,2014
14971,914,208,0.0,\N,Lotus F1,2014
14972,914,207,0.0,\N,Caterham,2014
14973,914,206,0.0,\N,Marussia,2014
14974,915,131,43.0,\N,Mercedes,2014
14975,915,3,15.0,\N,Williams,2014
14976,915,1,22.0,\N,McLaren,2014
14977,915,6,10.0,\N,Ferrari,2014
14978,915,9,10.0,\N,Red Bull,2014
14979,915,10,1.0,\N,Force India,2014
14980,915,5,0.0,\N,Toro Rosso,2014
14981,915,15,0.0,\N,Sauber,2014
14982,915,208,0.0,\N,Lotus F1,2014
14983,915,207,0.0,\N,Caterham,2014
14984,915,206,0.0,\N,Marussia,2014
14987,916,131,43.0,\N,Mercedes,2014
14988,916,9,21.0,\N,Red Bull,2014
14989,916,3,22.0,\N,Williams,2014
14990,916,6,8.0,\N,Ferrari,2014
14991,916,1,4.0,\N,McLaren,2014
14992,916,5,1.0,\N,Toro Rosso,2014
14993,916,208,2.0,\N,Lotus F1,2014
14994,916,15,0.0,\N,Sauber,2014
14995,916,10,0.0,\N,Force India,2014
14996,917,131,43.0,\N,Mercedes,2014
14997,917,3,16.0,\N,Williams,2014
14998,917,1,14.0,\N,McLaren,2014
14999,917,9,10.0,\N,Red Bull,2014
15000,917,6,14.0,\N,Ferrari,2014
15001,917,10,4.0,\N,Force India,2014
15002,917,5,0.0,\N,Toro Rosso,2014
15003,917,208,0.0,\N,Lotus F1,2014
15004,917,15,0.0,\N,Sauber,2014
15005,918,131,50.0,\N,Mercedes,2014
15006,918,3,66.0,\N,Williams,2014
15007,918,9,32.0,\N,Red Bull,2014
15008,918,1,20.0,\N,McLaren,2014
15009,918,10,28.0,\N,Force India,2014
15010,918,6,6.0,\N,Ferrari,2014
15011,918,5,0.0,\N,Toro Rosso,2014
15012,918,208,0.0,\N,Lotus F1,2014
15013,918,15,0.0,\N,Sauber,2014
15014,918,207,0.0,\N,Caterham,2014
15821,1007,6,33.0,\N,Ferrari,2018
15015,926,131,43.0,\N,Mercedes,2015
15016,926,6,15.0,\N,Ferrari,2015
15017,926,3,12.0,\N,Williams,2015
15018,926,15,14.0,\N,Sauber,2015
15019,926,9,8.0,\N,Red Bull,2015
15020,926,10,7.0,\N,Force India,2015
15021,926,5,2.0,\N,Toro Rosso,2015
15022,926,1,0.0,\N,McLaren,2015
15023,926,208,0.0,\N,Lotus F1,2015
15024,927,6,37.0,\N,Ferrari,2015
15025,927,131,33.0,\N,Mercedes,2015
15026,927,3,18.0,\N,Williams,2015
15027,927,5,10.0,\N,Toro Rosso,2015
15028,927,9,3.0,\N,Red Bull,2015
15029,927,208,0.0,\N,Lotus F1,2015
15030,927,15,0.0,\N,Sauber,2015
15031,927,10,0.0,\N,Force India,2015
15032,927,209,0.0,\N,Manor Marussia,2015
15033,927,1,0.0,\N,McLaren,2015
15034,928,131,43.0,\N,Mercedes,2015
15035,928,6,27.0,\N,Ferrari,2015
15036,928,3,18.0,\N,Williams,2015
15037,928,208,6.0,\N,Lotus F1,2015
15038,928,15,5.0,\N,Sauber,2015
15039,928,9,2.0,\N,Red Bull,2015
15040,928,10,0.0,\N,Force India,2015
15041,928,1,0.0,\N,McLaren,2015
15042,928,5,0.0,\N,Toro Rosso,2015
15043,928,209,0.0,\N,Manor Marussia,2015
15044,929,131,40.0,\N,Mercedes,2015
15045,929,6,28.0,\N,Ferrari,2015
15046,929,3,13.0,\N,Williams,2015
15047,929,9,10.0,\N,Red Bull,2015
15048,929,208,6.0,\N,Lotus F1,2015
15049,929,10,4.0,\N,Force India,2015
15050,929,1,0.0,\N,McLaren,2015
15051,929,15,0.0,\N,Sauber,2015
15052,929,209,0.0,\N,Manor Marussia,2015
15053,929,5,0.0,\N,Toro Rosso,2015
15054,930,131,43.0,\N,Mercedes,2015
15055,930,6,25.0,\N,Ferrari,2015
15056,930,3,20.0,\N,Williams,2015
15057,930,9,7.0,\N,Red Bull,2015
15058,930,208,4.0,\N,Lotus F1,2015
15059,930,5,2.0,\N,Toro Rosso,2015
15060,930,15,0.0,\N,Sauber,2015
15061,930,10,0.0,\N,Force India,2015
15062,930,1,0.0,\N,McLaren,2015
15063,930,209,0.0,\N,Manor Marussia,2015
15064,931,131,40.0,\N,Mercedes,2015
15065,931,6,26.0,\N,Ferrari,2015
15066,931,9,22.0,\N,Red Bull,2015
15067,931,10,6.0,\N,Force India,2015
15068,931,1,4.0,\N,McLaren,2015
15069,931,15,2.0,\N,Sauber,2015
15070,931,5,1.0,\N,Toro Rosso,2015
15071,931,208,0.0,\N,Lotus F1,2015
15072,931,3,0.0,\N,Williams,2015
15073,931,209,0.0,\N,Manor Marussia,2015
15074,932,131,43.0,\N,Mercedes,2015
15075,932,3,23.0,\N,Williams,2015
15076,932,6,22.0,\N,Ferrari,2015
15077,932,208,7.0,\N,Lotus F1,2015
15078,932,10,4.0,\N,Force India,2015
15079,932,9,2.0,\N,Red Bull,2015
15080,932,5,0.0,\N,Toro Rosso,2015
15081,932,15,0.0,\N,Sauber,2015
15082,932,209,0.0,\N,Manor Marussia,2015
15083,932,1,0.0,\N,McLaren,2015
15084,933,131,43.0,\N,Mercedes,2015
15085,933,3,25.0,\N,Williams,2015
15086,933,6,12.0,\N,Ferrari,2015
15087,933,10,10.0,\N,Force India,2015
15088,933,208,6.0,\N,Lotus F1,2015
15089,933,5,4.0,\N,Toro Rosso,2015
15090,933,9,1.0,\N,Red Bull,2015
15091,933,15,0.0,\N,Sauber,2015
15092,933,209,0.0,\N,Manor Marussia,2015
15093,933,1,0.0,\N,McLaren,2015
15094,934,131,43.0,\N,Mercedes,2015
15095,934,6,19.0,\N,Ferrari,2015
15096,934,3,22.0,\N,Williams,2015
15097,934,9,8.0,\N,Red Bull,2015
15098,934,10,8.0,\N,Force India,2015
15099,934,1,1.0,\N,McLaren,2015
15100,934,15,0.0,\N,Sauber,2015
15101,934,209,0.0,\N,Manor Marussia,2015
15102,934,5,0.0,\N,Toro Rosso,2015
15103,934,208,0.0,\N,Lotus F1,2015
15104,936,6,25.0,\N,Ferrari,2015
15105,936,9,33.0,\N,Red Bull,2015
15106,936,5,12.0,\N,Toro Rosso,2015
15107,936,1,12.0,\N,McLaren,2015
15108,936,131,12.0,\N,Mercedes,2015
15109,936,208,6.0,\N,Lotus F1,2015
15110,936,15,1.0,\N,Sauber,2015
15111,936,3,0.0,\N,Williams,2015
15112,936,209,0.0,\N,Manor Marussia,2015
15113,936,10,0.0,\N,Force India,2015
15114,937,131,43.0,\N,Mercedes,2015
15115,937,208,15.0,\N,Lotus F1,2015
15116,937,9,12.0,\N,Red Bull,2015
15117,937,10,10.0,\N,Force India,2015
15118,937,3,10.0,\N,Williams,2015
15119,937,6,6.0,\N,Ferrari,2015
15120,937,5,4.0,\N,Toro Rosso,2015
15121,937,15,1.0,\N,Sauber,2015
15122,937,1,0.0,\N,McLaren,2015
15123,937,206,0.0,\N,Marussia,2015
15124,937,209,0.0,\N,Manor Marussia,2015
15125,938,131,25.0,\N,Mercedes,2015
15126,938,6,28.0,\N,Ferrari,2015
15127,938,3,27.0,\N,Williams,2015
15128,938,10,14.0,\N,Force India,2015
15129,938,9,5.0,\N,Red Bull,2015
15130,938,15,2.0,\N,Sauber,2015
15131,938,5,0.0,\N,Toro Rosso,2015
15132,938,1,0.0,\N,McLaren,2015
15133,938,209,0.0,\N,Manor Marussia,2015
15134,938,208,0.0,\N,Lotus F1,2015
15135,939,6,40.0,\N,Ferrari,2015
15136,939,9,26.0,\N,Red Bull,2015
15137,939,131,12.0,\N,Mercedes,2015
15138,939,3,10.0,\N,Williams,2015
15139,939,10,6.0,\N,Force India,2015
15140,939,5,6.0,\N,Toro Rosso,2015
15141,939,15,1.0,\N,Sauber,2015
15142,939,208,0.0,\N,Lotus F1,2015
15143,939,209,0.0,\N,Manor Marussia,2015
15144,939,1,0.0,\N,McLaren,2015
15145,940,131,43.0,\N,Mercedes,2015
15146,940,6,27.0,\N,Ferrari,2015
15147,940,3,10.0,\N,Williams,2015
15148,940,10,8.0,\N,Force India,2015
15149,940,208,10.0,\N,Lotus F1,2015
15150,940,5,3.0,\N,Toro Rosso,2015
15151,940,1,0.0,\N,McLaren,2015
15152,940,9,0.0,\N,Red Bull,2015
15153,940,15,0.0,\N,Sauber,2015
15154,940,209,0.0,\N,Manor Marussia,2015
15155,941,131,25.0,\N,Mercedes,2015
15156,941,6,22.0,\N,Ferrari,2015
15157,941,10,15.0,\N,Force India,2015
15158,941,3,12.0,\N,Williams,2015
15159,941,9,10.0,\N,Red Bull,2015
15160,941,15,8.0,\N,Sauber,2015
15161,941,208,6.0,\N,Lotus F1,2015
15162,941,1,2.0,\N,McLaren,2015
15163,941,5,1.0,\N,Toro Rosso,2015
15164,941,209,0.0,\N,Manor Marussia,2015
15165,941,206,0.0,\N,Marussia,2015
15166,942,131,43.0,\N,Mercedes,2015
15167,942,6,15.0,\N,Ferrari,2015
15168,942,5,18.0,\N,Toro Rosso,2015
15169,942,10,10.0,\N,Force India,2015
15170,942,1,8.0,\N,McLaren,2015
15171,942,208,4.0,\N,Lotus F1,2015
15172,942,15,2.0,\N,Sauber,2015
15173,942,9,1.0,\N,Red Bull,2015
15174,942,209,0.0,\N,Manor Marussia,2015
15175,942,3,0.0,\N,Williams,2015
15176,943,131,43.0,\N,Mercedes,2015
15177,943,3,23.0,\N,Williams,2015
15178,943,9,22.0,\N,Red Bull,2015
15179,943,10,10.0,\N,Force India,2015
15180,943,5,2.0,\N,Toro Rosso,2015
15181,943,208,1.0,\N,Lotus F1,2015
15182,943,15,0.0,\N,Sauber,2015
15183,943,1,0.0,\N,McLaren,2015
15184,943,206,0.0,\N,Marussia,2015
15185,943,6,0.0,\N,Ferrari,2015
15186,944,131,43.0,\N,Mercedes,2015
15187,944,6,27.0,\N,Ferrari,2015
15188,944,3,10.0,\N,Williams,2015
15189,944,10,8.0,\N,Force India,2015
15190,944,9,6.0,\N,Red Bull,2015
15191,944,208,5.0,\N,Lotus F1,2015
15192,944,5,2.0,\N,Toro Rosso,2015
15193,944,15,0.0,\N,Sauber,2015
15194,944,1,0.0,\N,McLaren,2015
15195,944,209,0.0,\N,Manor Marussia,2015
15196,943,209,0.0,\N,Manor Marussia,2015
15197,945,131,43.0,\N,Mercedes,2015
15198,945,6,27.0,\N,Ferrari,2015
15199,945,10,16.0,\N,Force India,2015
15200,945,9,9.0,\N,Red Bull,2015
15201,945,3,4.0,\N,Williams,2015
15202,945,208,2.0,\N,Lotus F1,2015
15203,945,5,0.0,\N,Toro Rosso,2015
15204,945,1,0.0,\N,McLaren,2015
15205,945,15,0.0,\N,Sauber,2015
15206,945,206,0.0,\N,Marussia,2015
15207,945,209,0.0,\N,Manor Marussia,2015
15208,948,131,43.0,\N,Mercedes,2016
15209,948,6,15.0,\N,Ferrari,2016
15210,948,9,12.0,\N,Red Bull,2016
15211,948,3,14.0,\N,Williams,2016
15212,948,210,8.0,\N,Haas F1 Team,2016
15213,948,10,6.0,\N,Force India,2016
15214,948,5,3.0,\N,Toro Rosso,2016
15215,948,4,0.0,\N,Renault,2016
15216,948,1,0.0,\N,McLaren,2016
15217,948,15,0.0,\N,Sauber,2016
15218,948,209,0.0,\N,Manor Marussia,2016
15219,949,131,40.0,\N,Mercedes,2016
15220,949,6,18.0,\N,Ferrari,2016
15221,949,9,18.0,\N,Red Bull,2016
15222,949,210,10.0,\N,Haas F1 Team,2016
15223,949,5,8.0,\N,Toro Rosso,2016
15224,949,3,6.0,\N,Williams,2016
15225,949,1,1.0,\N,McLaren,2016
15226,949,4,0.0,\N,Renault,2016
15227,949,15,0.0,\N,Sauber,2016
15228,949,209,0.0,\N,Manor Marussia,2016
15229,949,10,0.0,\N,Force India,2016
15230,950,131,31.0,\N,Mercedes,2016
15231,950,6,28.0,\N,Ferrari,2016
15232,950,9,27.0,\N,Red Bull,2016
15233,950,3,9.0,\N,Williams,2016
15234,950,5,6.0,\N,Toro Rosso,2016
15235,950,10,0.0,\N,Force India,2016
15236,950,1,0.0,\N,McLaren,2016
15237,950,210,0.0,\N,Haas F1 Team,2016
15238,950,15,0.0,\N,Sauber,2016
15239,950,4,0.0,\N,Renault,2016
15240,950,209,0.0,\N,Manor Marussia,2016
15241,951,131,43.0,\N,Mercedes,2016
15242,951,6,15.0,\N,Ferrari,2016
15243,951,3,22.0,\N,Williams,2016
15244,951,1,9.0,\N,McLaren,2016
15245,951,4,6.0,\N,Renault,2016
15246,951,210,4.0,\N,Haas F1 Team,2016
15247,951,10,2.0,\N,Force India,2016
15248,951,9,0.0,\N,Red Bull,2016
15249,951,5,0.0,\N,Toro Rosso,2016
15250,951,15,0.0,\N,Sauber,2016
15251,951,209,0.0,\N,Manor Marussia,2016
15252,952,9,37.0,\N,Red Bull,2016
15253,952,6,33.0,\N,Ferrari,2016
15254,952,3,14.0,\N,Williams,2016
15255,952,5,9.0,\N,Toro Rosso,2016
15256,952,10,6.0,\N,Force India,2016
15257,952,1,2.0,\N,McLaren,2016
15258,952,210,0.0,\N,Haas F1 Team,2016
15259,952,15,0.0,\N,Sauber,2016
15260,952,4,0.0,\N,Renault,2016
15261,952,209,0.0,\N,Manor Marussia,2016
15262,952,131,0.0,\N,Mercedes,2016
15263,953,131,31.0,\N,Mercedes,2016
15264,953,9,18.0,\N,Red Bull,2016
15265,953,10,23.0,\N,Force India,2016
15266,953,6,12.0,\N,Ferrari,2016
15267,953,1,12.0,\N,McLaren,2016
15268,953,5,4.0,\N,Toro Rosso,2016
15269,953,3,1.0,\N,Williams,2016
15270,953,210,0.0,\N,Haas F1 Team,2016
15271,953,209,0.0,\N,Manor Marussia,2016
15272,953,15,0.0,\N,Sauber,2016
15273,953,4,0.0,\N,Renault,2016
15274,954,131,35.0,\N,Mercedes,2016
15275,954,6,26.0,\N,Ferrari,2016
15276,954,3,15.0,\N,Williams,2016
15277,954,9,18.0,\N,Red Bull,2016
15278,954,10,5.0,\N,Force India,2016
15279,954,5,2.0,\N,Toro Rosso,2016
15280,954,1,0.0,\N,McLaren,2016
15281,954,210,0.0,\N,Haas F1 Team,2016
15282,954,15,0.0,\N,Sauber,2016
15283,954,4,0.0,\N,Renault,2016
15284,954,209,0.0,\N,Manor Marussia,2016
15285,955,131,35.0,\N,Mercedes,2016
15286,955,6,30.0,\N,Ferrari,2016
15287,955,10,17.0,\N,Force India,2016
15288,955,3,9.0,\N,Williams,2016
15289,955,9,10.0,\N,Red Bull,2016
15290,955,1,0.0,\N,McLaren,2016
15291,955,15,0.0,\N,Sauber,2016
15292,955,210,0.0,\N,Haas F1 Team,2016
15293,955,4,0.0,\N,Renault,2016
15294,955,209,0.0,\N,Manor Marussia,2016
15295,955,5,0.0,\N,Toro Rosso,2016
15296,956,131,37.0,\N,Mercedes,2016
15297,956,9,28.0,\N,Red Bull,2016
15298,956,6,15.0,\N,Ferrari,2016
15299,956,1,8.0,\N,McLaren,2016
15300,956,210,6.0,\N,Haas F1 Team,2016
15301,956,5,4.0,\N,Toro Rosso,2016
15302,956,3,2.0,\N,Williams,2016
15303,956,209,1.0,\N,Manor Marussia,2016
15304,956,4,0.0,\N,Renault,2016
15305,956,15,0.0,\N,Sauber,2016
15306,956,10,0.0,\N,Force India,2016
15307,957,131,40.0,\N,Mercedes,2016
15308,957,9,30.0,\N,Red Bull,2016
15309,957,6,12.0,\N,Ferrari,2016
15310,957,10,14.0,\N,Force India,2016
15311,957,5,5.0,\N,Toro Rosso,2016
15312,957,3,0.0,\N,Williams,2016
15313,957,1,0.0,\N,McLaren,2016
15314,957,15,0.0,\N,Sauber,2016
15315,957,210,0.0,\N,Haas F1 Team,2016
15316,957,4,0.0,\N,Renault,2016
15317,957,209,0.0,\N,Manor Marussia,2016
15318,958,131,43.0,\N,Mercedes,2016
15319,958,9,25.0,\N,Red Bull,2016
15320,958,6,20.0,\N,Ferrari,2016
15321,958,1,6.0,\N,McLaren,2016
15322,958,5,4.0,\N,Toro Rosso,2016
15323,958,3,2.0,\N,Williams,2016
15324,958,10,1.0,\N,Force India,2016
15325,958,4,0.0,\N,Renault,2016
15326,958,210,0.0,\N,Haas F1 Team,2016
15327,958,15,0.0,\N,Sauber,2016
15328,958,209,0.0,\N,Manor Marussia,2016
15329,959,131,37.0,\N,Mercedes,2016
15330,959,9,33.0,\N,Red Bull,2016
15331,959,6,18.0,\N,Ferrari,2016
15332,959,10,7.0,\N,Force India,2016
15333,959,1,4.0,\N,McLaren,2016
15334,959,3,2.0,\N,Williams,2016
15335,959,210,0.0,\N,Haas F1 Team,2016
15336,959,5,0.0,\N,Toro Rosso,2016
15337,959,4,0.0,\N,Renault,2016
15338,959,209,0.0,\N,Manor Marussia,2016
15339,959,15,0.0,\N,Sauber,2016
15340,960,131,40.0,\N,Mercedes,2016
15341,960,9,18.0,\N,Red Bull,2016
15342,960,10,22.0,\N,Force India,2016
15343,960,6,10.0,\N,Ferrari,2016
15344,960,1,6.0,\N,McLaren,2016
15345,960,3,5.0,\N,Williams,2016
15346,960,210,0.0,\N,Haas F1 Team,2016
15347,960,5,0.0,\N,Toro Rosso,2016
15348,960,4,0.0,\N,Renault,2016
15349,960,209,0.0,\N,Manor Marussia,2016
15350,960,15,0.0,\N,Sauber,2016
15351,961,131,43.0,\N,Mercedes,2016
15352,961,6,27.0,\N,Ferrari,2016
15353,961,9,16.0,\N,Red Bull,2016
15354,961,3,10.0,\N,Williams,2016
15355,961,10,5.0,\N,Force India,2016
15356,961,210,0.0,\N,Haas F1 Team,2016
15357,961,1,0.0,\N,McLaren,2016
15358,961,5,0.0,\N,Toro Rosso,2016
15359,961,15,0.0,\N,Sauber,2016
15360,961,4,0.0,\N,Renault,2016
15361,961,209,0.0,\N,Manor Marussia,2016
15362,962,131,40.0,\N,Mercedes,2016
15363,962,9,26.0,\N,Red Bull,2016
15364,962,6,22.0,\N,Ferrari,2016
15365,962,1,6.0,\N,McLaren,2016
15366,962,10,4.0,\N,Force India,2016
15367,962,5,2.0,\N,Toro Rosso,2016
15368,962,4,1.0,\N,Renault,2016
15369,962,210,0.0,\N,Haas F1 Team,2016
15370,962,3,0.0,\N,Williams,2016
15371,962,15,0.0,\N,Sauber,2016
15372,962,209,0.0,\N,Manor Marussia,2016
15373,963,9,43.0,\N,Red Bull,2016
15374,963,131,15.0,\N,Mercedes,2016
15375,963,6,12.0,\N,Ferrari,2016
15376,963,3,10.0,\N,Williams,2016
15377,963,10,12.0,\N,Force India,2016
15378,963,1,8.0,\N,McLaren,2016
15379,963,4,1.0,\N,Renault,2016
15380,963,5,0.0,\N,Toro Rosso,2016
15381,963,15,0.0,\N,Sauber,2016
15382,963,209,0.0,\N,Manor Marussia,2016
15383,963,210,0.0,\N,Haas F1 Team,2016
15384,964,131,40.0,\N,Mercedes,2016
15385,964,9,26.0,\N,Red Bull,2016
15386,964,6,22.0,\N,Ferrari,2016
15387,964,10,10.0,\N,Force India,2016
15388,964,3,3.0,\N,Williams,2016
15389,964,210,0.0,\N,Haas F1 Team,2016
15390,964,4,0.0,\N,Renault,2016
15391,964,5,0.0,\N,Toro Rosso,2016
15392,964,15,0.0,\N,Sauber,2016
15393,964,1,0.0,\N,McLaren,2016
15394,964,209,0.0,\N,Manor Marussia,2016
15395,965,131,43.0,\N,Mercedes,2016
15396,965,9,15.0,\N,Red Bull,2016
15397,965,6,12.0,\N,Ferrari,2016
15398,965,1,12.0,\N,McLaren,2016
15399,965,5,8.0,\N,Toro Rosso,2016
15400,965,3,6.0,\N,Williams,2016
15401,965,10,4.0,\N,Force India,2016
15402,965,210,1.0,\N,Haas F1 Team,2016
15403,965,4,0.0,\N,Renault,2016
15404,965,15,0.0,\N,Sauber,2016
15405,965,209,0.0,\N,Manor Marussia,2016
15406,966,131,43.0,\N,Mercedes,2016
15407,966,6,18.0,\N,Ferrari,2016
15408,966,9,27.0,\N,Red Bull,2016
15409,966,10,7.0,\N,Force India,2016
15410,966,3,6.0,\N,Williams,2016
15411,966,15,0.0,\N,Sauber,2016
15412,966,1,0.0,\N,McLaren,2016
15413,966,4,0.0,\N,Renault,2016
15414,966,5,0.0,\N,Toro Rosso,2016
15415,966,210,0.0,\N,Haas F1 Team,2016
15416,966,209,0.0,\N,Manor Marussia,2016
15417,967,131,43.0,\N,Mercedes,2016
15418,967,9,19.0,\N,Red Bull,2016
15419,967,10,18.0,\N,Force India,2016
15420,967,6,10.0,\N,Ferrari,2016
15421,967,5,8.0,\N,Toro Rosso,2016
15422,967,15,2.0,\N,Sauber,2016
15423,967,1,1.0,\N,McLaren,2016
15424,967,3,0.0,\N,Williams,2016
15425,967,209,0.0,\N,Manor Marussia,2016
15426,967,4,0.0,\N,Renault,2016
15427,967,210,0.0,\N,Haas F1 Team,2016
15428,968,131,43.0,\N,Mercedes,2016
15429,968,6,23.0,\N,Ferrari,2016
15430,968,9,22.0,\N,Red Bull,2016
15431,968,10,10.0,\N,Force India,2016
15432,968,3,2.0,\N,Williams,2016
15433,968,1,1.0,\N,McLaren,2016
15434,968,210,0.0,\N,Haas F1 Team,2016
15435,968,209,0.0,\N,Manor Marussia,2016
15436,968,15,0.0,\N,Sauber,2016
15437,968,4,0.0,\N,Renault,2016
15438,968,5,0.0,\N,Toro Rosso,2016
15439,969,6,37.0,\N,Ferrari,2017
15440,969,131,33.0,\N,Mercedes,2017
15441,969,9,10.0,\N,Red Bull,2017
15442,969,3,8.0,\N,Williams,2017
15443,969,10,7.0,\N,Force India,2017
15444,969,5,6.0,\N,Toro Rosso,2017
15445,969,4,0.0,\N,Renault,2017
15446,969,15,0.0,\N,Sauber,2017
15447,969,1,0.0,\N,McLaren,2017
15448,969,210,0.0,\N,Haas F1 Team,2017
15449,970,131,33.0,\N,Mercedes,2017
15450,970,6,28.0,\N,Ferrari,2017
15451,970,9,27.0,\N,Red Bull,2017
15452,970,5,6.0,\N,Toro Rosso,2017
15453,970,210,4.0,\N,Haas F1 Team,2017
15454,970,10,3.0,\N,Force India,2017
15455,970,4,0.0,\N,Renault,2017
15456,970,3,0.0,\N,Williams,2017
15457,970,15,0.0,\N,Sauber,2017
15458,970,1,0.0,\N,McLaren,2017
15459,971,6,37.0,\N,Ferrari,2017
15460,971,131,33.0,\N,Mercedes,2017
15461,971,9,10.0,\N,Red Bull,2017
15462,971,3,8.0,\N,Williams,2017
15463,971,10,7.0,\N,Force India,2017
15464,971,210,4.0,\N,Haas F1 Team,2017
15465,971,4,2.0,\N,Renault,2017
15466,971,15,0.0,\N,Sauber,2017
15467,971,5,0.0,\N,Toro Rosso,2017
15468,971,1,0.0,\N,McLaren,2017
15469,972,131,37.0,\N,Mercedes,2017
15470,972,6,33.0,\N,Ferrari,2017
15471,972,9,10.0,\N,Red Bull,2017
15472,972,10,14.0,\N,Force India,2017
15473,972,4,4.0,\N,Renault,2017
15474,972,3,2.0,\N,Williams,2017
15475,972,5,1.0,\N,Toro Rosso,2017
15476,972,210,0.0,\N,Haas F1 Team,2017
15477,972,1,0.0,\N,McLaren,2017
15478,972,15,0.0,\N,Sauber,2017
15479,973,131,25.0,\N,Mercedes,2017
15480,973,6,18.0,\N,Ferrari,2017
15481,973,9,15.0,\N,Red Bull,2017
15482,973,10,22.0,\N,Force India,2017
15483,973,4,8.0,\N,Renault,2017
15484,973,5,8.0,\N,Toro Rosso,2017
15485,973,15,4.0,\N,Sauber,2017
15486,973,210,1.0,\N,Haas F1 Team,2017
15487,973,1,0.0,\N,McLaren,2017
15488,973,3,0.0,\N,Williams,2017
15489,974,6,43.0,\N,Ferrari,2017
15490,974,9,25.0,\N,Red Bull,2017
15491,974,131,18.0,\N,Mercedes,2017
15492,974,5,8.0,\N,Toro Rosso,2017
15493,974,210,5.0,\N,Haas F1 Team,2017
15494,974,3,2.0,\N,Williams,2017
15495,974,4,0.0,\N,Renault,2017
15496,974,10,0.0,\N,Force India,2017
15497,974,1,0.0,\N,McLaren,2017
15498,974,15,0.0,\N,Sauber,2017
15499,975,131,43.0,\N,Mercedes,2017
15500,975,9,15.0,\N,Red Bull,2017
15501,975,6,18.0,\N,Ferrari,2017
15502,975,10,18.0,\N,Force India,2017
15503,975,4,4.0,\N,Renault,2017
15504,975,3,2.0,\N,Williams,2017
15505,975,210,1.0,\N,Haas F1 Team,2017
15506,975,15,0.0,\N,Sauber,2017
15507,975,1,0.0,\N,McLaren,2017
15508,975,5,0.0,\N,Toro Rosso,2017
15509,976,9,25.0,\N,Red Bull,2017
15510,976,131,28.0,\N,Mercedes,2017
15511,976,3,15.0,\N,Williams,2017
15512,976,6,12.0,\N,Ferrari,2017
15513,976,10,8.0,\N,Force India,2017
15514,976,210,6.0,\N,Haas F1 Team,2017
15515,976,5,4.0,\N,Toro Rosso,2017
15516,976,1,2.0,\N,McLaren,2017
15517,976,15,1.0,\N,Sauber,2017
15518,976,4,0.0,\N,Renault,2017
15519,841,164,0.0,\N,HRT,2011
15520,977,131,37.0,\N,Mercedes,2017
15521,977,6,28.0,\N,Ferrari,2017
15522,977,9,15.0,\N,Red Bull,2017
15523,977,210,8.0,\N,Haas F1 Team,2017
15524,977,10,10.0,\N,Force India,2017
15525,977,3,3.0,\N,Williams,2017
15526,977,4,0.0,\N,Renault,2017
15527,977,1,0.0,\N,McLaren,2017
15528,977,15,0.0,\N,Sauber,2017
15529,977,5,0.0,\N,Toro Rosso,2017
15530,978,131,43.0,\N,Mercedes,2017
15531,978,6,21.0,\N,Ferrari,2017
15532,978,9,22.0,\N,Red Bull,2017
15533,978,4,8.0,\N,Renault,2017
15534,978,10,6.0,\N,Force India,2017
15535,978,3,1.0,\N,Williams,2017
15536,978,1,0.0,\N,McLaren,2017
15537,978,210,0.0,\N,Haas F1 Team,2017
15538,978,15,0.0,\N,Sauber,2017
15539,978,5,0.0,\N,Toro Rosso,2017
15540,979,6,43.0,\N,Ferrari,2017
15541,979,131,27.0,\N,Mercedes,2017
15542,979,9,10.0,\N,Red Bull,2017
15543,979,1,9.0,\N,McLaren,2017
15544,979,5,6.0,\N,Toro Rosso,2017
15545,979,10,6.0,\N,Force India,2017
15546,979,4,0.0,\N,Renault,2017
15547,979,210,0.0,\N,Haas F1 Team,2017
15548,979,3,0.0,\N,Williams,2017
15549,979,15,0.0,\N,Sauber,2017
15550,980,131,35.0,\N,Mercedes,2017
15551,980,6,30.0,\N,Ferrari,2017
15552,980,9,15.0,\N,Red Bull,2017
15553,980,4,8.0,\N,Renault,2017
15554,980,210,6.0,\N,Haas F1 Team,2017
15555,980,3,4.0,\N,Williams,2017
15556,980,10,2.0,\N,Force India,2017
15557,980,5,1.0,\N,Toro Rosso,2017
15558,980,1,0.0,\N,McLaren,2017
15559,980,15,0.0,\N,Sauber,2017
15560,981,131,43.0,\N,Mercedes,2017
15561,981,6,25.0,\N,Ferrari,2017
15562,981,9,13.0,\N,Red Bull,2017
15563,981,10,10.0,\N,Force India,2017
15564,981,3,10.0,\N,Williams,2017
15565,981,210,0.0,\N,Haas F1 Team,2017
15566,981,5,0.0,\N,Toro Rosso,2017
15567,981,4,0.0,\N,Renault,2017
15568,981,15,0.0,\N,Sauber,2017
15569,981,1,0.0,\N,McLaren,2017
15570,982,131,40.0,\N,Mercedes,2017
15571,982,9,18.0,\N,Red Bull,2017
15572,982,5,12.0,\N,Toro Rosso,2017
15573,982,10,11.0,\N,Force India,2017
15574,982,4,8.0,\N,Renault,2017
15575,982,1,6.0,\N,McLaren,2017
15576,982,3,4.0,\N,Williams,2017
15577,982,210,2.0,\N,Haas F1 Team,2017
15578,982,15,0.0,\N,Sauber,2017
15579,982,6,0.0,\N,Ferrari,2017
15580,983,9,40.0,\N,Red Bull,2017
15581,983,131,28.0,\N,Mercedes,2017
15582,983,6,12.0,\N,Ferrari,2017
15583,983,10,9.0,\N,Force India,2017
15584,983,1,6.0,\N,McLaren,2017
15585,983,3,6.0,\N,Williams,2017
15586,983,210,0.0,\N,Haas F1 Team,2017
15587,983,5,0.0,\N,Toro Rosso,2017
15588,983,4,0.0,\N,Renault,2017
15589,983,15,0.0,\N,Sauber,2017
15590,984,131,37.0,\N,Mercedes,2017
15591,984,9,33.0,\N,Red Bull,2017
15592,984,6,10.0,\N,Ferrari,2017
15593,984,10,14.0,\N,Force India,2017
15594,984,210,6.0,\N,Haas F1 Team,2017
15595,984,3,1.0,\N,Williams,2017
15596,984,1,0.0,\N,McLaren,2017
15597,984,4,0.0,\N,Renault,2017
15598,984,5,0.0,\N,Toro Rosso,2017
15599,984,15,0.0,\N,Sauber,2017
15600,985,131,35.0,\N,Mercedes,2017
15601,985,6,33.0,\N,Ferrari,2017
15602,985,9,12.0,\N,Red Bull,2017
15603,985,10,12.0,\N,Force India,2017
15604,985,4,6.0,\N,Renault,2017
15605,985,3,2.0,\N,Williams,2017
15606,985,5,1.0,\N,Toro Rosso,2017
15607,985,1,0.0,\N,McLaren,2017
15608,985,210,0.0,\N,Haas F1 Team,2017
15609,985,15,0.0,\N,Sauber,2017
15610,986,9,25.0,\N,Red Bull,2017
15611,986,131,20.0,\N,Mercedes,2017
15612,986,6,27.0,\N,Ferrari,2017
15613,986,10,16.0,\N,Force India,2017
15614,986,3,8.0,\N,Williams,2017
15615,986,210,4.0,\N,Haas F1 Team,2017
15616,986,1,1.0,\N,McLaren,2017
15617,986,5,0.0,\N,Toro Rosso,2017
15618,986,15,0.0,\N,Sauber,2017
15619,986,4,0.0,\N,Renault,2017
15620,987,6,40.0,\N,Ferrari,2017
15621,987,131,30.0,\N,Mercedes,2017
15622,987,9,18.0,\N,Red Bull,2017
15623,987,3,6.0,\N,Williams,2017
15624,987,1,4.0,\N,McLaren,2017
15625,987,10,2.0,\N,Force India,2017
15626,987,4,1.0,\N,Renault,2017
15627,987,5,0.0,\N,Toro Rosso,2017
15628,987,15,0.0,\N,Sauber,2017
15629,987,210,0.0,\N,Haas F1 Team,2017
15630,988,131,43.0,\N,Mercedes,2017
15631,988,6,27.0,\N,Ferrari,2017
15632,988,9,10.0,\N,Red Bull,2017
15633,988,4,8.0,\N,Renault,2017
15634,988,10,10.0,\N,Force India,2017
15635,988,1,2.0,\N,McLaren,2017
15636,988,3,1.0,\N,Williams,2017
15637,988,210,0.0,\N,Haas F1 Team,2017
15638,988,15,0.0,\N,Sauber,2017
15639,988,5,0.0,\N,Toro Rosso,2017
15640,989,6,40.0,\N,Ferrari,2018
15641,989,131,22.0,\N,Mercedes,2018
15642,989,9,20.0,\N,Red Bull,2018
15643,989,1,12.0,\N,McLaren,2018
15644,989,4,7.0,\N,Renault,2018
15645,989,10,0.0,\N,Force India,2018
15646,989,15,0.0,\N,Sauber,2018
15647,989,3,0.0,\N,Williams,2018
15648,989,5,0.0,\N,Toro Rosso,2018
15649,989,210,0.0,\N,Haas F1 Team,2018
15650,990,6,25.0,\N,Ferrari,2018
15651,990,131,33.0,\N,Mercedes,2018
15652,990,5,12.0,\N,Toro Rosso,2018
15653,990,210,10.0,\N,Haas F1 Team,2018
15654,990,4,8.0,\N,Renault,2018
15655,990,1,10.0,\N,McLaren,2018
15656,990,15,2.0,\N,Sauber,2018
15657,990,10,1.0,\N,Force India,2018
15658,990,3,0.0,\N,Williams,2018
15659,990,9,0.0,\N,Red Bull,2018
15660,991,9,35.0,\N,Red Bull,2018
15661,991,131,30.0,\N,Mercedes,2018
15662,991,6,19.0,\N,Ferrari,2018
15663,991,4,10.0,\N,Renault,2018
15664,991,1,6.0,\N,McLaren,2018
15665,991,210,1.0,\N,Haas F1 Team,2018
15666,991,10,0.0,\N,Force India,2018
15667,991,3,0.0,\N,Williams,2018
15668,991,15,0.0,\N,Sauber,2018
15669,991,5,0.0,\N,Toro Rosso,2018
15670,992,131,25.0,\N,Mercedes,2018
15671,992,6,30.0,\N,Ferrari,2018
15672,992,10,15.0,\N,Force India,2018
15673,992,4,10.0,\N,Renault,2018
15674,992,15,8.0,\N,Sauber,2018
15675,992,1,8.0,\N,McLaren,2018
15676,992,3,4.0,\N,Williams,2018
15677,992,5,1.0,\N,Toro Rosso,2018
15678,992,210,0.0,\N,Haas F1 Team,2018
15679,992,9,0.0,\N,Red Bull,2018
15680,993,131,43.0,\N,Mercedes,2018
15681,993,9,25.0,\N,Red Bull,2018
15682,993,6,12.0,\N,Ferrari,2018
15683,993,210,8.0,\N,Haas F1 Team,2018
15684,993,4,6.0,\N,Renault,2018
15685,993,1,4.0,\N,McLaren,2018
15686,993,10,2.0,\N,Force India,2018
15687,993,15,1.0,\N,Sauber,2018
15688,993,3,0.0,\N,Williams,2018
15689,993,5,0.0,\N,Toro Rosso,2018
15690,994,9,27.0,\N,Red Bull,2018
15691,994,6,30.0,\N,Ferrari,2018
15692,994,131,25.0,\N,Mercedes,2018
15693,994,10,8.0,\N,Force India,2018
15694,994,5,6.0,\N,Toro Rosso,2018
15695,994,4,5.0,\N,Renault,2018
15696,994,15,0.0,\N,Sauber,2018
15697,994,210,0.0,\N,Haas F1 Team,2018
15698,994,1,0.0,\N,McLaren,2018
15699,994,3,0.0,\N,Williams,2018
15700,995,6,33.0,\N,Ferrari,2018
15701,995,131,28.0,\N,Mercedes,2018
15702,995,9,27.0,\N,Red Bull,2018
15703,995,4,10.0,\N,Renault,2018
15704,995,10,2.0,\N,Force India,2018
15705,995,15,1.0,\N,Sauber,2018
15706,995,5,0.0,\N,Toro Rosso,2018
15707,995,210,0.0,\N,Haas F1 Team,2018
15708,995,1,0.0,\N,McLaren,2018
15709,995,3,0.0,\N,Williams,2018
15710,996,131,31.0,\N,Mercedes,2018
15711,996,9,30.0,\N,Red Bull,2018
15712,996,6,25.0,\N,Ferrari,2018
15713,996,210,8.0,\N,Haas F1 Team,2018
15714,996,4,6.0,\N,Renault,2018
15715,996,15,1.0,\N,Sauber,2018
15716,996,1,0.0,\N,McLaren,2018
15717,996,5,0.0,\N,Toro Rosso,2018
15718,996,3,0.0,\N,Williams,2018
15719,996,10,0.0,\N,Force India,2018
15720,997,9,25.0,\N,Red Bull,2018
15721,997,6,33.0,\N,Ferrari,2018
15722,997,210,22.0,\N,Haas F1 Team,2018
15723,997,10,14.0,\N,Force India,2018
15724,997,1,4.0,\N,McLaren,2018
15725,997,15,3.0,\N,Sauber,2018
15726,997,5,0.0,\N,Toro Rosso,2018
15727,997,4,0.0,\N,Renault,2018
15728,997,3,0.0,\N,Williams,2018
15729,997,131,0.0,\N,Mercedes,2018
15730,998,6,40.0,\N,Ferrari,2018
15731,998,131,30.0,\N,Mercedes,2018
15732,998,9,10.0,\N,Red Bull,2018
15733,998,4,8.0,\N,Renault,2018
15734,998,10,7.0,\N,Force India,2018
15735,998,1,4.0,\N,McLaren,2018
15736,998,210,2.0,\N,Haas F1 Team,2018
15737,998,3,0.0,\N,Williams,2018
15738,998,5,0.0,\N,Toro Rosso,2018
15739,998,15,0.0,\N,Sauber,2018
15740,999,131,43.0,\N,Mercedes,2018
15741,999,6,15.0,\N,Ferrari,2018
15742,999,9,12.0,\N,Red Bull,2018
15743,999,4,10.0,\N,Renault,2018
15744,999,210,8.0,\N,Haas F1 Team,2018
15745,999,10,10.0,\N,Force India,2018
15746,999,15,2.0,\N,Sauber,2018
15747,999,5,1.0,\N,Toro Rosso,2018
15748,999,1,0.0,\N,McLaren,2018
15749,999,3,0.0,\N,Williams,2018
15750,1000,131,35.0,\N,Mercedes,2018
15751,1000,6,33.0,\N,Ferrari,2018
15752,1000,9,12.0,\N,Red Bull,2018
15753,1000,5,8.0,\N,Toro Rosso,2018
15754,1000,210,7.0,\N,Haas F1 Team,2018
15755,1000,1,4.0,\N,McLaren,2018
15756,1000,4,2.0,\N,Renault,2018
15757,1000,10,0.0,\N,Force India,2018
15758,1000,15,0.0,\N,Sauber,2018
15759,1000,3,0.0,\N,Williams,2018
15760,1001,6,25.0,\N,Ferrari,2018
15761,1001,131,30.0,\N,Mercedes,2018
15762,1001,9,15.0,\N,Red Bull,2018
15763,1001,10,18.0,\N,Force India,2018
15764,1001,210,10.0,\N,Haas F1 Team,2018
15765,1001,5,2.0,\N,Toro Rosso,2018
15766,1001,15,1.0,\N,Sauber,2018
15767,1001,4,0.0,\N,Renault,2018
15768,1001,3,0.0,\N,Williams,2018
15769,1001,1,0.0,\N,McLaren,2018
15770,1002,131,40.0,\N,Mercedes,2018
15771,1002,6,30.0,\N,Ferrari,2018
15772,1002,9,10.0,\N,Red Bull,2018
15773,1002,210,0.0,\N,Haas F1 Team,2018
15774,1002,10,14.0,\N,Force India,2018
15775,1002,4,4.0,\N,Renault,2018
15776,1002,3,3.0,\N,Williams,2018
15777,1002,15,0.0,\N,Sauber,2018
15778,1002,1,0.0,\N,McLaren,2018
15779,1002,5,0.0,\N,Toro Rosso,2018
15780,1003,131,37.0,\N,Mercedes,2018
15781,1003,9,26.0,\N,Red Bull,2018
15782,1003,6,25.0,\N,Ferrari,2018
15783,1003,1,6.0,\N,McLaren,2018
15784,1003,4,5.0,\N,Renault,2018
15785,1003,15,2.0,\N,Sauber,2018
15786,1003,5,0.0,\N,Toro Rosso,2018
15787,1003,3,0.0,\N,Williams,2018
15788,1003,210,0.0,\N,Haas F1 Team,2018
15789,1003,10,0.0,\N,Force India,2018
15790,1004,131,43.0,\N,Mercedes,2018
15791,1004,6,27.0,\N,Ferrari,2018
15792,1004,9,18.0,\N,Red Bull,2018
15793,1004,15,6.0,\N,Sauber,2018
15794,1004,210,4.0,\N,Haas F1 Team,2018
15795,1004,10,3.0,\N,Force India,2018
15796,1004,4,0.0,\N,Renault,2018
15797,1004,1,0.0,\N,McLaren,2018
15798,1004,3,0.0,\N,Williams,2018
15799,1004,5,0.0,\N,Toro Rosso,2018
15800,1005,131,43.0,\N,Mercedes,2018
15801,1005,9,27.0,\N,Red Bull,2018
15802,1005,6,18.0,\N,Ferrari,2018
15803,1005,10,8.0,\N,Force India,2018
15804,1005,210,4.0,\N,Haas F1 Team,2018
15805,1005,4,1.0,\N,Renault,2018
15806,1005,5,0.0,\N,Toro Rosso,2018
15807,1005,15,0.0,\N,Sauber,2018
15808,1005,1,0.0,\N,McLaren,2018
15809,1005,3,0.0,\N,Williams,2018
15810,1006,6,37.0,\N,Ferrari,2018
15811,1006,9,18.0,\N,Red Bull,2018
15812,1006,131,25.0,\N,Mercedes,2018
15813,1006,4,14.0,\N,Renault,2018
15814,1006,10,4.0,\N,Force India,2018
15815,1006,210,0.0,\N,Haas F1 Team,2018
15816,1006,5,2.0,\N,Toro Rosso,2018
15817,1006,15,1.0,\N,Sauber,2018
15818,1006,1,0.0,\N,McLaren,2018
15819,1006,3,0.0,\N,Williams,2018
15822,1007,131,22.0,\N,Mercedes,2018
15823,1007,4,8.0,\N,Renault,2018
15824,1007,15,8.0,\N,Sauber,2018
15825,1007,1,4.0,\N,McLaren,2018
15826,1007,5,1.0,\N,Toro Rosso,2018
15827,1007,10,0.0,\N,Force India,2018
15828,1007,3,0.0,\N,Williams,2018
15829,1007,210,0.0,\N,Haas F1 Team,2018
15830,1008,131,35.0,\N,Mercedes,2018
15831,1008,9,30.0,\N,Red Bull,2018
15832,1008,6,23.0,\N,Ferrari,2018
15833,1008,15,6.0,\N,Sauber,2018
15834,1008,210,6.0,\N,Haas F1 Team,2018
15835,1008,10,1.0,\N,Force India,2018
15836,1008,5,0.0,\N,Toro Rosso,2018
15837,1008,4,0.0,\N,Renault,2018
15838,1008,1,0.0,\N,McLaren,2018
15839,1008,3,0.0,\N,Williams,2018
15840,1009,131,35.0,\N,Mercedes,2018
15841,1009,6,18.0,\N,Ferrari,2018
15842,1009,9,27.0,\N,Red Bull,2018
15843,1009,4,8.0,\N,Renault,2018
15844,1009,15,6.0,\N,Sauber,2018
15845,1009,10,4.0,\N,Force India,2018
15846,1009,210,3.0,\N,Haas F1 Team,2018
15847,1009,1,0.0,\N,McLaren,2018
15848,1009,5,0.0,\N,Toro Rosso,2018
15849,1009,3,0.0,\N,Williams,2018
15850,1010,131,44.0,\N,Mercedes,2019
15851,1010,9,15.0,\N,Red Bull,2019
15852,1010,6,22.0,\N,Ferrari,2019
15853,1010,210,8.0,\N,Haas F1 Team,2019
15854,1010,4,6.0,\N,Renault,2019
15855,1010,51,4.0,\N,Alfa Romeo,2019
15856,1010,211,2.0,\N,Racing Point,2019
15857,1010,5,1.0,\N,Toro Rosso,2019
15858,1010,1,0.0,\N,McLaren,2019
15859,1010,3,0.0,\N,Williams,2019
15860,1011,131,43.0,\N,Mercedes,2019
15861,1011,6,26.0,\N,Ferrari,2019
15862,1011,9,16.0,\N,Red Bull,2019
15863,1011,1,8.0,\N,McLaren,2019
15864,1011,51,6.0,\N,Alfa Romeo,2019
15865,1011,211,1.0,\N,Racing Point,2019
15866,1011,210,0.0,\N,Haas F1 Team,2019
15867,1011,3,0.0,\N,Williams,2019
15868,1011,4,0.0,\N,Renault,2019
15869,1011,5,2.0,\N,Toro Rosso,2019
15870,1012,131,43.0,\N,Mercedes,2019
15871,1012,6,25.0,\N,Ferrari,2019
15872,1012,9,21.0,\N,Red Bull,2019
15873,1012,4,6.0,\N,Renault,2019
15874,1012,211,4.0,\N,Racing Point,2019
15875,1012,51,2.0,\N,Alfa Romeo,2019
15876,1012,5,1.0,\N,Toro Rosso,2019
15877,1012,210,0.0,\N,Haas F1 Team,2019
15878,1012,1,0.0,\N,McLaren,2019
15879,1012,3,0.0,\N,Williams,2019
15880,1013,131,43.0,\N,Mercedes,2019
15881,1013,6,26.0,\N,Ferrari,2019
15882,1013,9,12.0,\N,Red Bull,2019
15883,1013,211,10.0,\N,Racing Point,2019
15884,1013,1,10.0,\N,McLaren,2019
15885,1013,51,1.0,\N,Alfa Romeo,2019
15886,1013,5,0.0,\N,Toro Rosso,2019
15887,1013,210,0.0,\N,Haas F1 Team,2019
15888,1013,4,0.0,\N,Renault,2019
15889,1013,3,0.0,\N,Williams,2019
15890,1014,131,44.0,\N,Mercedes,2019
15891,1014,9,23.0,\N,Red Bull,2019
15892,1014,6,22.0,\N,Ferrari,2019
15893,1014,210,7.0,\N,Haas F1 Team,2019
15894,1014,1,4.0,\N,McLaren,2019
15895,1014,5,2.0,\N,Toro Rosso,2019
15896,1014,4,0.0,\N,Renault,2019
15897,1014,51,0.0,\N,Alfa Romeo,2019
15898,1014,211,0.0,\N,Racing Point,2019
15899,1014,3,0.0,\N,Williams,2019
15900,1015,131,40.0,\N,Mercedes,2019
15901,1015,6,18.0,\N,Ferrari,2019
15902,1015,9,23.0,\N,Red Bull,2019
15903,1015,1,8.0,\N,McLaren,2019
15904,1015,5,10.0,\N,Toro Rosso,2019
15905,1015,4,2.0,\N,Renault,2019
15906,1015,210,1.0,\N,Haas F1 Team,2019
15907,1015,211,0.0,\N,Racing Point,2019
15908,1015,3,0.0,\N,Williams,2019
15909,1015,51,0.0,\N,Alfa Romeo,2019
15910,1016,131,38.0,\N,Mercedes,2019
15911,1016,6,33.0,\N,Ferrari,2019
15912,1016,9,14.0,\N,Red Bull,2019
15913,1016,4,14.0,\N,Renault,2019
15914,1016,211,2.0,\N,Racing Point,2019
15915,1016,5,1.0,\N,Toro Rosso,2019
15916,1016,1,0.0,\N,McLaren,2019
15917,1016,51,0.0,\N,Alfa Romeo,2019
15918,1016,210,0.0,\N,Haas F1 Team,2019
15919,1016,3,0.0,\N,Williams,2019
15920,1017,131,43.0,\N,Mercedes,2019
15921,1017,6,26.0,\N,Ferrari,2019
15922,1017,9,13.0,\N,Red Bull,2019
15923,1017,1,10.0,\N,McLaren,2019
15924,1017,4,4.0,\N,Renault,2019
15925,1017,51,6.0,\N,Alfa Romeo,2019
15926,1017,211,0.0,\N,Racing Point,2019
15927,1017,5,0.0,\N,Toro Rosso,2019
15928,1017,210,0.0,\N,Haas F1 Team,2019
15929,1017,3,0.0,\N,Williams,2019
15930,1018,9,32.0,\N,Red Bull,2019
15931,1018,6,30.0,\N,Ferrari,2019
15932,1018,131,25.0,\N,Mercedes,2019
15933,1018,1,12.0,\N,McLaren,2019
15934,1018,51,3.0,\N,Alfa Romeo,2019
15935,1018,211,0.0,\N,Racing Point,2019
15936,1018,4,0.0,\N,Renault,2019
15937,1018,5,0.0,\N,Toro Rosso,2019
15938,1018,210,0.0,\N,Haas F1 Team,2019
15939,1018,3,0.0,\N,Williams,2019
15940,1019,131,44.0,\N,Mercedes,2019
15941,1019,6,15.0,\N,Ferrari,2019
15942,1019,9,22.0,\N,Red Bull,2019
15943,1019,1,8.0,\N,McLaren,2019
15944,1019,4,7.0,\N,Renault,2019
15945,1019,51,4.0,\N,Alfa Romeo,2019
15946,1019,5,2.0,\N,Toro Rosso,2019
15947,1019,211,0.0,\N,Racing Point,2019
15948,1019,3,0.0,\N,Williams,2019
15949,1019,210,0.0,\N,Haas F1 Team,2019
15950,1020,9,26.0,\N,Red Bull,2019
15951,1020,6,18.0,\N,Ferrari,2019
15952,1020,5,23.0,\N,Toro Rosso,2019
15953,1020,211,12.0,\N,Racing Point,2019
15954,1020,1,10.0,\N,McLaren,2019
15955,1020,51,0.0,\N,Alfa Romeo,2019
15956,1020,210,10.0,\N,Haas F1 Team,2019
15957,1020,131,2.0,\N,Mercedes,2019
15958,1020,3,1.0,\N,Williams,2019
15959,1020,4,0.0,\N,Renault,2019
15960,1021,131,29.0,\N,Mercedes,2019
15961,1021,9,27.0,\N,Red Bull,2019
15962,1021,6,27.0,\N,Ferrari,2019
15963,1021,1,12.0,\N,McLaren,2019
15964,1021,51,6.0,\N,Alfa Romeo,2019
15965,1021,5,1.0,\N,Toro Rosso,2019
15966,1021,211,0.0,\N,Racing Point,2019
15967,1021,4,0.0,\N,Renault,2019
15968,1021,210,0.0,\N,Haas F1 Team,2019
15969,1021,3,0.0,\N,Williams,2019
15970,1022,6,38.0,\N,Ferrari,2019
15971,1022,131,33.0,\N,Mercedes,2019
15972,1022,9,10.0,\N,Red Bull,2019
15973,1022,211,9.0,\N,Racing Point,2019
15974,1022,5,8.0,\N,Toro Rosso,2019
15975,1022,4,4.0,\N,Renault,2019
15976,1022,1,0.0,\N,McLaren,2019
15977,1022,210,0.0,\N,Haas F1 Team,2019
15978,1022,3,0.0,\N,Williams,2019
15979,1022,51,0.0,\N,Alfa Romeo,2019
15980,1023,6,25.0,\N,Ferrari,2019
15981,1023,131,34.0,\N,Mercedes,2019
15982,1023,4,22.0,\N,Renault,2019
15983,1023,9,12.0,\N,Red Bull,2019
15984,1023,211,6.0,\N,Racing Point,2019
15985,1023,51,2.0,\N,Alfa Romeo,2019
15986,1023,1,1.0,\N,McLaren,2019
15987,1023,5,0.0,\N,Toro Rosso,2019
15988,1023,3,0.0,\N,Williams,2019
15989,1023,210,0.0,\N,Haas F1 Team,2019
15990,1024,6,43.0,\N,Ferrari,2019
15991,1024,9,23.0,\N,Red Bull,2019
15992,1024,131,22.0,\N,Mercedes,2019
15993,1024,1,6.0,\N,McLaren,2019
15994,1024,5,4.0,\N,Toro Rosso,2019
15995,1024,4,2.0,\N,Renault,2019
15996,1024,51,1.0,\N,Alfa Romeo,2019
15997,1024,210,0.0,\N,Haas F1 Team,2019
15998,1024,211,0.0,\N,Racing Point,2019
15999,1024,3,0.0,\N,Williams,2019
16000,1025,131,44.0,\N,Mercedes,2019
16001,1025,6,15.0,\N,Ferrari,2019
16002,1025,9,22.0,\N,Red Bull,2019
16003,1025,1,12.0,\N,McLaren,2019
16004,1025,211,6.0,\N,Racing Point,2019
16005,1025,210,2.0,\N,Haas F1 Team,2019
16006,1025,4,1.0,\N,Renault,2019
16007,1025,5,0.0,\N,Toro Rosso,2019
16008,1025,51,0.0,\N,Alfa Romeo,2019
16009,1025,3,0.0,\N,Williams,2019
16010,1026,131,41.0,\N,Mercedes,2019
16011,1026,6,26.0,\N,Ferrari,2019
16012,1026,9,12.0,\N,Red Bull,2019
16013,1026,1,10.0,\N,McLaren,2019
16014,1026,4,0.0,\N,Renault,2019
16015,1026,5,7.0,\N,Toro Rosso,2019
16016,1026,211,6.0,\N,Racing Point,2019
16017,1026,51,0.0,\N,Alfa Romeo,2019
16018,1026,210,0.0,\N,Haas F1 Team,2019
16019,1026,3,0.0,\N,Williams,2019
16020,1027,131,40.0,\N,Mercedes,2019
16021,1027,6,31.0,\N,Ferrari,2019
16022,1027,9,18.0,\N,Red Bull,2019
16023,1027,211,6.0,\N,Racing Point,2019
16024,1027,4,5.0,\N,Renault,2019
16025,1027,5,2.0,\N,Toro Rosso,2019
16026,1027,1,0.0,\N,McLaren,2019
16027,1027,51,0.0,\N,Alfa Romeo,2019
16028,1027,210,0.0,\N,Haas F1 Team,2019
16029,1027,3,0.0,\N,Williams,2019
16030,1028,131,43.0,\N,Mercedes,2019
16031,1028,9,25.0,\N,Red Bull,2019
16032,1028,6,13.0,\N,Ferrari,2019
16033,1028,4,10.0,\N,Renault,2019
16034,1028,1,10.0,\N,McLaren,2019
16035,1028,211,1.0,\N,Racing Point,2019
16036,1028,51,0.0,\N,Alfa Romeo,2019
16037,1028,5,0.0,\N,Toro Rosso,2019
16038,1028,210,0.0,\N,Haas F1 Team,2019
16039,1028,3,0.0,\N,Williams,2019
16040,1029,9,25.0,\N,Red Bull,2019
16041,1029,5,19.0,\N,Toro Rosso,2019
16042,1029,1,19.0,\N,McLaren,2019
16043,1029,51,22.0,\N,Alfa Romeo,2019
16044,1029,4,8.0,\N,Renault,2019
16045,1029,131,6.0,\N,Mercedes,2019
16046,1029,211,2.0,\N,Racing Point,2019
16047,1029,210,0.0,\N,Haas F1 Team,2019
16048,1029,3,0.0,\N,Williams,2019
16049,1029,6,0.0,\N,Ferrari,2019
16050,1030,131,38.0,\N,Mercedes,2019
16051,1030,9,26.0,\N,Red Bull,2019
16052,1030,6,25.0,\N,Ferrari,2019
16053,1030,211,6.0,\N,Racing Point,2019
16054,1030,1,5.0,\N,McLaren,2019
16055,1030,5,2.0,\N,Toro Rosso,2019
16056,1030,4,0.0,\N,Renault,2019
16057,1030,51,0.0,\N,Alfa Romeo,2019
16058,1030,210,0.0,\N,Haas F1 Team,2019
16059,1030,3,0.0,\N,Williams,2019
16060,1031,131,37.0,\N,Mercedes,2020
16061,1031,6,19.0,\N,Ferrari,2020
16062,1031,1,26.0,\N,McLaren,2020
16063,1031,211,8.0,\N,Racing Point,2020
16064,1031,213,6.0,\N,AlphaTauri,2020
16065,1031,4,4.0,\N,Renault,2020
16066,1031,51,2.0,\N,Alfa Romeo,2020
16067,1031,3,0.0,\N,Williams,2020
16068,1031,9,0.0,\N,Red Bull,2020
16069,1031,210,0.0,\N,Haas F1 Team,2020
16070,1032,131,43.0,\N,Mercedes,2020
16071,1032,9,27.0,\N,Red Bull,2020
16072,1032,1,13.0,\N,McLaren,2020
16073,1032,211,14.0,\N,Racing Point,2020
16074,1032,4,4.0,\N,Renault,2020
16075,1032,213,1.0,\N,AlphaTauri,2020
16076,1032,51,0.0,\N,Alfa Romeo,2020
16077,1032,210,0.0,\N,Haas F1 Team,2020
16078,1032,3,0.0,\N,Williams,2020
16079,1032,6,0.0,\N,Ferrari,2020
16080,1033,131,41.0,\N,Mercedes,2020
16081,1033,9,28.0,\N,Red Bull,2020
16082,1033,211,18.0,\N,Racing Point,2020
16083,1033,6,8.0,\N,Ferrari,2020
16084,1033,4,4.0,\N,Renault,2020
16085,1033,210,1.0,\N,Haas F1 Team,2020
16086,1033,1,2.0,\N,McLaren,2020
16087,1033,213,0.0,\N,AlphaTauri,2020
16088,1033,51,0.0,\N,Alfa Romeo,2020
16089,1033,3,0.0,\N,Williams,2020
16090,1034,131,25.0,\N,Mercedes,2020
16091,1034,9,23.0,\N,Red Bull,2020
16092,1034,6,16.0,\N,Ferrari,2020
16093,1034,4,20.0,\N,Renault,2020
16094,1034,1,10.0,\N,McLaren,2020
16095,1034,213,6.0,\N,AlphaTauri,2020
16096,1034,211,2.0,\N,Racing Point,2020
16097,1034,3,0.0,\N,Williams,2020
16098,1034,51,0.0,\N,Alfa Romeo,2020
16099,1034,210,0.0,\N,Haas F1 Team,2020
16100,1035,9,35.0,\N,Red Bull,2020
16101,1035,131,34.0,\N,Mercedes,2020
16102,1035,6,12.0,\N,Ferrari,2020
16103,1035,211,14.0,\N,Racing Point,2020
16104,1035,4,4.0,\N,Renault,2020
16105,1035,1,2.0,\N,McLaren,2020
16106,1035,213,1.0,\N,AlphaTauri,2020
16107,1035,51,0.0,\N,Alfa Romeo,2020
16108,1035,210,0.0,\N,Haas F1 Team,2020
16109,1035,3,0.0,\N,Williams,2020
16110,1036,131,41.0,\N,Mercedes,2020
16111,1036,9,22.0,\N,Red Bull,2020
16112,1036,211,22.0,\N,Racing Point,2020
16113,1036,1,9.0,\N,McLaren,2020
16114,1036,6,6.0,\N,Ferrari,2020
16115,1036,213,2.0,\N,AlphaTauri,2020
16116,1036,4,0.0,\N,Renault,2020
16117,1036,51,0.0,\N,Alfa Romeo,2020
16118,1036,210,0.0,\N,Haas F1 Team,2020
16119,1036,3,0.0,\N,Williams,2020
16120,1037,131,43.0,\N,Mercedes,2020
16121,1037,9,23.0,\N,Red Bull,2020
16122,1037,4,23.0,\N,Renault,2020
16123,1037,1,6.0,\N,McLaren,2020
16124,1037,213,4.0,\N,AlphaTauri,2020
16125,1037,211,3.0,\N,Racing Point,2020
16126,1037,51,0.0,\N,Alfa Romeo,2020
16127,1037,6,0.0,\N,Ferrari,2020
16128,1037,210,0.0,\N,Haas F1 Team,2020
16129,1037,3,0.0,\N,Williams,2020
16130,1038,213,27.0,\N,AlphaTauri,2020
16131,1038,1,30.0,\N,McLaren,2020
16132,1038,211,16.0,\N,Racing Point,2020
16133,1038,131,17.0,\N,Mercedes,2020
16134,1038,4,12.0,\N,Renault,2020
16135,1038,3,0.0,\N,Williams,2020
16136,1038,210,0.0,\N,Haas F1 Team,2020
16137,1038,51,0.0,\N,Alfa Romeo,2020
16138,1038,9,0.0,\N,Red Bull,2020
16139,1038,6,0.0,\N,Ferrari,2020
16140,1039,131,44.0,\N,Mercedes,2020
16141,1039,9,15.0,\N,Red Bull,2020
16142,1039,4,12.0,\N,Renault,2020
16143,1039,211,10.0,\N,Racing Point,2020
16144,1039,1,8.0,\N,McLaren,2020
16145,1039,213,6.0,\N,AlphaTauri,2020
16146,1039,6,5.0,\N,Ferrari,2020
16147,1039,51,2.0,\N,Alfa Romeo,2020
16148,1039,3,0.0,\N,Williams,2020
16149,1039,210,0.0,\N,Haas F1 Team,2020
16150,1040,131,41.0,\N,Mercedes,2020
16151,1040,9,19.0,\N,Red Bull,2020
16152,1040,211,12.0,\N,Racing Point,2020
16153,1040,4,16.0,\N,Renault,2020
16154,1040,6,8.0,\N,Ferrari,2020
16155,1040,213,6.0,\N,AlphaTauri,2020
16156,1040,51,0.0,\N,Alfa Romeo,2020
16157,1040,210,0.0,\N,Haas F1 Team,2020
16158,1040,1,0.0,\N,McLaren,2020
16159,1040,3,0.0,\N,Williams,2020
16160,1041,131,25.0,\N,Mercedes,2020
16161,1041,9,19.0,\N,Red Bull,2020
16162,1041,4,15.0,\N,Renault,2020
16163,1041,211,16.0,\N,Racing Point,2020
16164,1041,1,10.0,\N,McLaren,2020
16165,1041,213,8.0,\N,AlphaTauri,2020
16166,1041,6,6.0,\N,Ferrari,2020
16167,1041,210,2.0,\N,Haas F1 Team,2020
16168,1041,51,1.0,\N,Alfa Romeo,2020
16169,1041,3,0.0,\N,Williams,2020
16170,1042,131,44.0,\N,Mercedes,2020
16171,1042,9,15.0,\N,Red Bull,2020
16172,1042,6,13.0,\N,Ferrari,2020
16173,1042,213,10.0,\N,AlphaTauri,2020
16174,1042,1,8.0,\N,McLaren,2020
16175,1042,211,6.0,\N,Racing Point,2020
16176,1042,4,6.0,\N,Renault,2020
16177,1042,51,0.0,\N,Alfa Romeo,2020
16178,1042,3,0.0,\N,Williams,2020
16179,1042,210,0.0,\N,Haas F1 Team,2020
16180,1043,131,44.0,\N,Mercedes,2020
16181,1043,4,15.0,\N,Renault,2020
16182,1043,213,12.0,\N,AlphaTauri,2020
16183,1043,6,10.0,\N,Ferrari,2020
16184,1043,211,8.0,\N,Racing Point,2020
16185,1043,1,10.0,\N,McLaren,2020
16186,1043,51,3.0,\N,Alfa Romeo,2020
16187,1043,3,0.0,\N,Williams,2020
16188,1043,210,0.0,\N,Haas F1 Team,2020
16189,1043,9,0.0,\N,Red Bull,2020
16190,1044,131,25.0,\N,Mercedes,2020
16191,1044,211,20.0,\N,Racing Point,2020
16192,1044,6,27.0,\N,Ferrari,2020
16193,1044,1,15.0,\N,McLaren,2020
16194,1044,9,14.0,\N,Red Bull,2020
16195,1044,4,1.0,\N,Renault,2020
16196,1044,213,0.0,\N,AlphaTauri,2020
16197,1044,51,0.0,\N,Alfa Romeo,2020
16198,1044,3,0.0,\N,Williams,2020
16199,1044,210,0.0,\N,Haas F1 Team,2020
16200,1045,131,29.0,\N,Mercedes,2020
16201,1045,9,34.0,\N,Red Bull,2020
16202,1045,1,22.0,\N,McLaren,2020
16203,1045,213,8.0,\N,AlphaTauri,2020
16204,1045,4,8.0,\N,Renault,2020
16205,1045,6,1.0,\N,Ferrari,2020
16206,1045,3,0.0,\N,Williams,2020
16207,1045,51,0.0,\N,Alfa Romeo,2020
16208,1045,210,0.0,\N,Haas F1 Team,2020
16209,1045,211,0.0,\N,Racing Point,2020
16210,1046,211,40.0,\N,Racing Point,2020
16211,1046,4,28.0,\N,Renault,2020
16212,1046,1,13.0,\N,McLaren,2020
16213,1046,9,8.0,\N,Red Bull,2020
16214,1046,213,6.0,\N,AlphaTauri,2020
16215,1046,131,7.0,\N,Mercedes,2020
16216,1046,6,0.0,\N,Ferrari,2020
16217,1046,51,0.0,\N,Alfa Romeo,2020
16218,1046,210,0.0,\N,Haas F1 Team,2020
16219,1046,3,0.0,\N,Williams,2020
16220,1047,9,37.0,\N,Red Bull,2020
16221,1047,131,33.0,\N,Mercedes,2020
16222,1047,1,18.0,\N,McLaren,2020
16223,1047,4,9.0,\N,Renault,2020
16224,1047,213,4.0,\N,AlphaTauri,2020
16225,1047,211,1.0,\N,Racing Point,2020
16226,1047,51,0.0,\N,Alfa Romeo,2020
16227,1047,6,0.0,\N,Ferrari,2020
16228,1047,3,0.0,\N,Williams,2020
16229,1047,210,0.0,\N,Haas F1 Team,2020
16230,1052,131,41.0,\N,Mercedes,2021
16231,1052,9,28.0,\N,Red Bull,2021
16232,1052,1,18.0,\N,McLaren,2021
16233,1052,6,12.0,\N,Ferrari,2021
16234,1052,213,2.0,\N,AlphaTauri,2021
16235,1052,117,1.0,\N,Aston Martin,2021
16236,1052,51,0.0,\N,Alfa Romeo,2021
16237,1052,214,0.0,\N,Alpine F1 Team,2021
16238,1052,3,0.0,\N,Williams,2021
16239,1052,210,0.0,\N,Haas F1 Team,2021
16240,1053,9,25.0,\N,Red Bull,2021
16241,1053,131,19.0,\N,Mercedes,2021
16242,1053,1,23.0,\N,McLaren,2021
16243,1053,6,22.0,\N,Ferrari,2021
16244,1053,117,4.0,\N,Aston Martin,2021
16245,1053,213,6.0,\N,AlphaTauri,2021
16246,1053,51,0.0,\N,Alfa Romeo,2021
16247,1053,214,3.0,\N,Alpine F1 Team,2021
16248,1053,210,0.0,\N,Haas F1 Team,2021
16249,1053,3,0.0,\N,Williams,2021
16250,1054,131,41.0,\N,Mercedes,2021
16251,1054,9,30.0,\N,Red Bull,2021
16252,1054,1,12.0,\N,McLaren,2021
16253,1054,6,8.0,\N,Ferrari,2021
16254,1054,214,10.0,\N,Alpine F1 Team,2021
16255,1054,213,1.0,\N,AlphaTauri,2021
16256,1054,51,0.0,\N,Alfa Romeo,2021
16257,1054,117,0.0,\N,Aston Martin,2021
16258,1054,3,0.0,\N,Williams,2021
16259,1054,210,0.0,\N,Haas F1 Team,2021
16260,1055,131,40.0,\N,Mercedes,2021
16261,1055,9,29.0,\N,Red Bull,2021
16262,1055,6,18.0,\N,Ferrari,2021
16263,1055,1,12.0,\N,McLaren,2021
16264,1055,214,2.0,\N,Alpine F1 Team,2021
16265,1055,213,1.0,\N,AlphaTauri,2021
16266,1055,117,0.0,\N,Aston Martin,2021
16267,1055,51,0.0,\N,Alfa Romeo,2021
16268,1055,3,0.0,\N,Williams,2021
16269,1055,210,0.0,\N,Haas F1 Team,2021
16270,1056,6,18.0,\N,Ferrari,2021
16271,1056,9,37.0,\N,Red Bull,2021
16272,1056,1,15.0,\N,McLaren,2021
16273,1056,117,14.0,\N,Aston Martin,2021
16274,1056,213,8.0,\N,AlphaTauri,2021
16275,1056,131,7.0,\N,Mercedes,2021
16276,1056,214,2.0,\N,Alpine F1 Team,2021
16277,1056,51,1.0,\N,Alfa Romeo,2021
16278,1056,3,0.0,\N,Williams,2021
16279,1056,210,0.0,\N,Haas F1 Team,2021
16280,1057,9,25.0,\N,Red Bull,2021
16281,1057,117,18.0,\N,Aston Martin,2021
16282,1057,213,21.0,\N,AlphaTauri,2021
16283,1057,6,16.0,\N,Ferrari,2021
16284,1057,1,12.0,\N,McLaren,2021
16285,1057,214,8.0,\N,Alpine F1 Team,2021
16286,1057,51,1.0,\N,Alfa Romeo,2021
16287,1057,131,0.0,\N,Mercedes,2021
16288,1057,210,0.0,\N,Haas F1 Team,2021
16289,1057,3,0.0,\N,Williams,2021
16290,1059,9,41.0,\N,Red Bull,2021
16291,1059,131,30.0,\N,Mercedes,2021
16292,1059,1,18.0,\N,McLaren,2021
16293,1059,213,6.0,\N,AlphaTauri,2021
16294,1059,214,4.0,\N,Alpine F1 Team,2021
16295,1059,117,3.0,\N,Aston Martin,2021
16296,1059,6,0.0,\N,Ferrari,2021
16297,1059,3,0.0,\N,Williams,2021
16298,1059,51,0.0,\N,Alfa Romeo,2021
16299,1059,210,0.0,\N,Haas F1 Team,2021
16300,1058,9,37.0,\N,Red Bull,2021
16301,1058,131,34.0,\N,Mercedes,2021
16302,1058,1,10.0,\N,McLaren,2021
16303,1058,6,14.0,\N,Ferrari,2021
16304,1058,117,4.0,\N,Aston Martin,2021
16305,1058,214,2.0,\N,Alpine F1 Team,2021
16306,1058,213,1.0,\N,AlphaTauri,2021
16307,1058,51,0.0,\N,Alfa Romeo,2021
16308,1058,210,0.0,\N,Haas F1 Team,2021
16309,1058,3,0.0,\N,Williams,2021
16310,1060,9,34.0,\N,Red Bull,2021
16311,1060,131,30.0,\N,Mercedes,2021
16312,1060,1,21.0,\N,McLaren,2021
16313,1060,6,14.0,\N,Ferrari,2021
16314,1060,213,2.0,\N,AlphaTauri,2021
16315,1060,214,1.0,\N,Alpine F1 Team,2021
16316,1060,3,0.0,\N,Williams,2021
16317,1060,117,0.0,\N,Aston Martin,2021
16318,1060,51,0.0,\N,Alfa Romeo,2021
16319,1060,210,0.0,\N,Haas F1 Team,2021
16320,1061,131,43.0,\N,Mercedes,2021
16321,1061,6,26.0,\N,Ferrari,2021
16322,1061,1,22.0,\N,McLaren,2021
16323,1061,214,8.0,\N,Alpine F1 Team,2021
16324,1061,117,4.0,\N,Aston Martin,2021
16325,1061,213,1.0,\N,AlphaTauri,2021
16326,1061,3,0.0,\N,Williams,2021
16327,1061,51,0.0,\N,Alfa Romeo,2021
16328,1061,9,3.0,\N,Red Bull,2021
16329,1061,210,0.0,\N,Haas F1 Team,2021
16330,1062,214,37.0,\N,Alpine F1 Team,2021
16331,1062,117,0.0,\N,Aston Martin,2021
16332,1062,131,18.0,\N,Mercedes,2021
16333,1062,6,15.0,\N,Ferrari,2021
16334,1062,213,19.0,\N,AlphaTauri,2021
16335,1062,3,10.0,\N,Williams,2021
16336,1062,9,2.0,\N,Red Bull,2021
16337,1062,51,1.0,\N,Alfa Romeo,2021
16338,1062,1,0.0,\N,McLaren,2021
16339,1062,210,0.0,\N,Haas F1 Team,2021
16340,1063,9,12.5,\N,Red Bull,2021
16341,1063,3,10.0,\N,Williams,2021
16342,1063,131,7.5,\N,Mercedes,2021
16343,1063,1,6.0,\N,McLaren,2021
16344,1063,117,5.0,\N,Aston Martin,2021
16345,1063,213,4.0,\N,AlphaTauri,2021
16346,1063,214,3.0,\N,Alpine F1 Team,2021
16347,1063,6,2.5,\N,Ferrari,2021
16348,1063,51,0.0,\N,Alfa Romeo,2021
16349,1063,210,0.0,\N,Haas F1 Team,2021
16350,1064,9,29.0,\N,Red Bull,2021
16351,1064,131,34.0,\N,Mercedes,2021
16352,1064,213,12.0,\N,AlphaTauri,2021
16353,1064,6,16.0,\N,Ferrari,2021
16354,1064,214,10.0,\N,Alpine F1 Team,2021
16355,1064,1,1.0,\N,McLaren,2021
16356,1064,117,0.0,\N,Aston Martin,2021
16357,1064,51,0.0,\N,Alfa Romeo,2021
16358,1064,3,0.0,\N,Williams,2021
16359,1064,210,0.0,\N,Haas F1 Team,2021
16360,1065,1,45.0,\N,McLaren,2021
16361,1065,131,18.0,\N,Mercedes,2021
16362,1065,6,20.0,\N,Ferrari,2021
16363,1065,9,12.0,\N,Red Bull,2021
16364,1065,117,6.0,\N,Aston Martin,2021
16365,1065,214,5.0,\N,Alpine F1 Team,2021
16366,1065,3,2.0,\N,Williams,2021
16367,1065,51,0.0,\N,Alfa Romeo,2021
16368,1065,210,0.0,\N,Haas F1 Team,2021
16369,1065,213,0.0,\N,AlphaTauri,2021
16370,1066,131,35.0,\N,Mercedes,2021
16371,1066,9,20.0,\N,Red Bull,2021
16372,1066,6,15.0,\N,Ferrari,2021
16373,1066,1,19.0,\N,McLaren,2021
16374,1066,214,8.0,\N,Alpine F1 Team,2021
16375,1066,51,4.0,\N,Alfa Romeo,2021
16376,1066,3,1.0,\N,Williams,2021
16377,1066,117,0.0,\N,Aston Martin,2021
16378,1066,213,0.0,\N,AlphaTauri,2021
16379,1066,210,0.0,\N,Haas F1 Team,2021
16380,1067,131,36.0,\N,Mercedes,2021
16381,1067,9,33.0,\N,Red Bull,2021
16382,1067,6,16.0,\N,Ferrari,2021
16383,1067,213,8.0,\N,AlphaTauri,2021
16384,1067,1,6.0,\N,McLaren,2021
16385,1067,117,2.0,\N,Aston Martin,2021
16386,1067,214,1.0,\N,Alpine F1 Team,2021
16387,1067,51,0.0,\N,Alfa Romeo,2021
16388,1067,3,0.0,\N,Williams,2021
16389,1067,210,0.0,\N,Haas F1 Team,2021
16390,1069,9,40.0,\N,Red Bull,2021
16391,1069,131,27.0,\N,Mercedes,2021
16392,1069,6,18.0,\N,Ferrari,2021
16393,1069,1,14.0,\N,McLaren,2021
16394,1069,213,2.0,\N,AlphaTauri,2021
16395,1069,117,1.0,\N,Aston Martin,2021
16396,1069,51,0.0,\N,Alfa Romeo,2021
16397,1069,3,0.0,\N,Williams,2021
16398,1069,210,0.0,\N,Haas F1 Team,2021
16399,1069,214,0.0,\N,Alpine F1 Team,2021
16400,1070,9,40.0,\N,Red Bull,2021
16401,1070,131,18.0,\N,Mercedes,2021
16402,1070,213,12.0,\N,AlphaTauri,2021
16403,1070,6,18.0,\N,Ferrari,2021
16404,1070,117,6.0,\N,Aston Martin,2021
16405,1070,51,4.0,\N,Alfa Romeo,2021
16406,1070,214,2.0,\N,Alpine F1 Team,2021
16407,1070,1,1.0,\N,McLaren,2021
16408,1070,3,0.0,\N,Williams,2021
16409,1070,210,0.0,\N,Haas F1 Team,2021
16410,1071,131,43.0,\N,Mercedes,2021
16411,1071,9,33.0,\N,Red Bull,2021
16412,1071,6,19.0,\N,Ferrari,2021
16413,1071,213,6.0,\N,AlphaTauri,2021
16414,1071,214,6.0,\N,Alpine F1 Team,2021
16415,1071,1,1.0,\N,McLaren,2021
16416,1071,117,0.0,\N,Aston Martin,2021
16417,1071,51,0.0,\N,Alfa Romeo,2021
16418,1071,3,0.0,\N,Williams,2021
16419,1071,210,0.0,\N,Haas F1 Team,2021
16420,1051,131,25.0,\N,Mercedes,2021
16421,1051,9,31.0,\N,Red Bull,2021
16422,1051,214,25.0,\N,Alpine F1 Team,2021
16423,1051,117,9.0,\N,Aston Martin,2021
16424,1051,6,10.0,\N,Ferrari,2021
16425,1051,1,2.0,\N,McLaren,2021
16426,1051,213,0.0,\N,AlphaTauri,2021
16427,1051,51,0.0,\N,Alfa Romeo,2021
16428,1051,210,0.0,\N,Haas F1 Team,2021
16429,1051,3,0.0,\N,Williams,2021
16430,1072,131,41.0,\N,Mercedes,2021
16431,1072,9,18.0,\N,Red Bull,2021
16432,1072,214,12.0,\N,Alpine F1 Team,2021
16433,1072,1,11.0,\N,McLaren,2021
16434,1072,213,8.0,\N,AlphaTauri,2021
16435,1072,6,10.0,\N,Ferrari,2021
16436,1072,51,2.0,\N,Alfa Romeo,2021
16437,1072,117,0.0,\N,Aston Martin,2021
16438,1072,3,0.0,\N,Williams,2021
16439,1072,210,0.0,\N,Haas F1 Team,2021
16440,1073,9,26.0,\N,Red Bull,2021
16441,1073,131,26.0,\N,Mercedes,2021
16442,1073,6,16.0,\N,Ferrari,2021
16443,1073,213,22.0,\N,AlphaTauri,2021
16444,1073,1,6.0,\N,McLaren,2021
16445,1073,214,6.0,\N,Alpine F1 Team,2021
16446,1073,117,0.0,\N,Aston Martin,2021
16447,1073,210,0.0,\N,Haas F1 Team,2021
16448,1073,3,0.0,\N,Williams,2021
16449,1073,51,0.0,\N,Alfa Romeo,2021
